0,0,0,5.88772288506529e-05,4.74399483570984e-13,6.50469764609994e-08,8.48125559487768e-07,4.41937315007653e-18,8.57865987890033e-07,0,0.00990227230457511,0.00483962938143104,0,3.20532174412827e-25,0.000112932829998647,6.24484651772155e-15,0.00350495262862213,0.000103887186851395,0.0056110603915185,6.5049533569299e-06,1.0186088730576e-05,2.22864028013818e-36,3.47463489895074e-25,8.79665452967561e-39,0,2.06206017567098e-12,8.98647919436124e-22,1.29207530300688e-15,1.18561135581669e-95,2.13798711122318e-65,3.41405588423956e-16,0,9.35891112913825e-20,1.50976201220721e-15,1.25359749301171e-14,6.47783628930492e-16,3.08297551873246e-07,3.63043129232056e-10,0,0,0,0,0,0,0,0,0,0,0,0,0,0,0,0,0,0,0,0,0,0,0,0,0,0,0,0,0,0,0,0,0,0,0,0,0,0,0,0,0,0,0,0,0,0,0,0,0,0,0
0,0,0,0.000261826203752879,5.94574053303438e-10,5.47874339730629e-06,2.8637178544992e-05,3.11603030328722e-13,0.000172661053086684,0,0.0231444830433152,0.00813339955340327,0,3.46895566324766e-22,0.000359246556295464,3.69928337235246e-13,0.00460173022647766,0.000249430033372592,0.00693245436212436,2.2439350505326e-05,2.69588223338742e-05,6.47788077066478e-32,2.72953428132094e-22,5.31935181895147e-33,0,7.72922127934425e-12,3.95141954184304e-20,1.86480655994553e-14,1.3031057017543e-87,2.84672692138749e-61,5.32305931347817e-15,0,2.45411789295768e-18,1.9352100760255e-14,1.54379556411186e-13,1.02719610967477e-14,6.92085238210391e-07,1.27376914243404e-09,0,0,0,0,0,0,0,0,0,0,0,0,0,0,0,0,0,0,0,0,0,0,0,0,0,0,0,0,0,0,0,0,0,0,0,0,0,0,0,0,0,0,0,0,0,0,0,0,0,0,0
0,0,0,0.000988328304010634,2.54738253525881e-07,0.000214389440023185,0.000547637168559251,3.34166689347237e-09,0.00740798907102371,0,0.0447454421102226,0.0128151847313538,0,2.32360846492909e-19,0.00102602121893432,1.63994415112728e-11,0.0059413178713867,0.000563634548683924,0.00844102045622207,7.08559088630455e-05,6.73199392987983e-05,9.32969315719055e-28,1.37483000411019e-19,1.04428458384692e-27,0,2.78697933624406e-11,1.47750759996916e-18,2.39662304263883e-13,6.27296256561287e-80,2.75901422267635e-57,7.36232126979639e-14,0,5.63197193783504e-17,2.23106658336596e-13,1.69902229365898e-12,1.4396020557637e-13,1.5111084481525e-06,4.28287035312244e-09,0,0,0,0,0,0,0,0,0,0,0,0,0,0,0,0,0,0,0,0,0,0,0,0,0,0,0,0,0,0,0,0,0,0,0,0,0,0,0,0,0,0,0,0,0,0,0,0,0,0,0
0,79.4291928386314,0,0.00316673508205778,3.73085911412001e-05,0.00389757430265802,0.00593127716611464,5.45061018472549e-06,0.0677543669969436,0,0.0715548080537821,0.018930862226814,0,9.6330592625254e-17,0.00263094274761248,5.44071707484957e-10,0.0075433985461976,0.00119869465658422,0.0101290506698503,0.000204805473435079,0.000158611930950065,6.65799103997166e-24,4.44007721287053e-17,6.6557651741057e-23,0,9.66708101794167e-11,4.69806816338139e-17,2.7427463913833e-12,1.32257863486768e-72,1.94638825420031e-53,9.03297907079585e-13,0,1.13115079278026e-15,2.31345863290814e-12,1.67103667352718e-11,1.78318845977031e-12,3.20906281844169e-06,1.3800373322966e-08,0,0,0,0,0,0,0,0,0,0,0,0,0,0,0,0,0,0,0,0,0,0,0,0,0,0,0,0,0,0,0,0,0,0,0,0,0,0,0,0,0,0,0,0,0,0,0,0,0,0,0
4237.55114474482,0,0,0.00861280490802196,0.00186788442252841,0.0329195583658586,0.0363828013220743,0.00135222068325735,0.132100743847996,0,0.0946493285598778,0.0262185505790658,0,2.47173891715409e-14,0.00605700286026395,1.35082426499114e-08,0.00941833102357431,0.00239928387555385,0.0119786642416352,0.000541884514296684,0.000352595955473508,2.35429287228203e-20,9.19418241792255e-15,1.37719706243018e-18,0,3.22567471411448e-10,1.27034567597249e-15,2.79506269295639e-11,1.22131042938055e-65,9.99476105776222e-50,9.83127904105845e-12,0,1.9882705871503e-14,2.15762386461607e-11,1.46875886220502e-10,1.95217041163603e-11,6.62837912953326e-06,4.26146027548623e-08,0,0,0,0,0,0,0,0,0,0,0,0,0,0,0,0,0,0,0,0,0,0,0,0,0,0,0,0,0,0,0,0,0,0,0,0,0,0,0,0,0,0,0,0,0,0,0,0,0,0,0
0,0,0,0.0198838218238294,0.0319681584852022,0.129176103725018,0.126396970316287,0.0510235309422282,0.0549040328442791,0,0.103558309572407,0.0340439327656869,0,3.92534687338445e-12,0.0125197450875657,2.50990446130199e-07,0.0115638773977768,0.00451977487623638,0.013960915470834,0.00131241630266095,0.000739551015661271,4.12495490190057e-17,1.22072203036955e-12,9.2515213838697e-15,0,1.03540291445165e-09,2.92104013169599e-14,2.53639818719915e-10,4.93953861482953e-59,3.735792638419e-46,9.49187087267505e-11,0,3.05861936199444e-13,1.8098997821265e-10,1.15369931263799e-09,1.88887797095137e-10,1.33162825403936e-05,1.26106582486682e-07,0,0,0,0,0,0,0,0,0,0,0,0,0,0,0,0,0,0,0,0,0,0,0,0,0,0,0,0,0,0,0,0,0,0,0,0,0,0,0,0,0,0,0,0,0,0,0,0,0,0,0
0,0,0,0.0389652522397336,0.187030186716314,0.235493511387089,0.248696576532303,0.292828894687694,0.00486445555740013,0,0.0937218961852928,0.041444177929464,0,3.85825179099618e-10,0.0232340286360532,3.49004602436384e-06,0.0139622573371861,0.00801334931196586,0.0160356017029593,0.00290961942902801,0.00146355243573989,3.58112398515189e-14,1.03920570239071e-10,2.0176656431062e-11,0,3.19714106106613e-09,5.71170993152634e-13,2.04957254168342e-09,8.74988731623514e-53,1.01639030305688e-42,8.12936081475174e-10,0,4.11784827399947e-12,1.36552014165515e-09,8.09864538039178e-09,1.61530959115682e-09,2.60198745834962e-05,3.57625741213635e-07,0,0,0,0,0,0,0,0,0,0,0,0,0,0,0,0,0,0,0,0,0,0,0,0,0,0,0,0,0,0,0,0,0,0,0,0,0,0,0,0,0,0,0,0,0,0,0,0,0,0,0
0,0,0,0.0648152943061126,0.374052243332494,0.199454708685905,0.277137671126237,0.255609994365077,9.18745544348946e-05,0,0.0701594021383188,0.0473020644499231,0,2.34714637278287e-08,0.0387119350561497,3.63179013219684e-05,0.0165779348782815,0.0133712943074197,0.0181519163261343,0.00590473558821993,0.00273273659920246,1.54049731433165e-11,5.67240632435747e-09,1.42857884081757e-08,0,9.49681143970029e-09,9.49746657363988e-12,1.47478643257009e-08,6.78850733164342e-47,2.01282338324388e-39,6.17623422749745e-09,0,4.85188176975337e-11,9.26630274255163e-09,5.08053849727376e-08,1.2208810035736e-08,4.94508697075758e-05,9.71922168507981e-07,0,0,0,0,0,0,0,0,0,0,0,0,0,0,0,0,0,0,0,0,0,0,0,0,0,0,0,0,0,0,0,0,0,0,0,0,0,0,0,0,0,0,0,0,0,0,0,0,0,0,0
0,0,0,0.0915166004361222,0.255728592583246,0.0784834752365281,0.174909715226987,0.0339361223634785,3.69902497443114e-07,0,0.0434429582851424,0.0506161865312397,0,8.83744782341789e-07,0.0579104003124006,0.000282830317371613,0.0193565454614544,0.0209988215871566,0.0202500247643567,0.0109689338357327,0.00481433821853852,3.28355253584976e-09,1.98524548306167e-07,3.2838113560637e-06,0,2.71367250169872e-08,1.34295794756203e-10,9.44963323033584e-08,2.30675716784103e-41,2.90147097329241e-36,4.16249663668974e-08,0,5.00316746879187e-10,5.65561257812149e-08,2.84829341212068e-07,8.15561273527625e-08,9.14090523863995e-05,2.53131333896094e-06,0,0,0,0,0,0,0,0,0,0,0,0,0,0,0,0,0,0,0,0,0,0,0,0,0,0,0,0,0,0,0,0,0,0,0,0,0,0,0,0,0,0,0,0,0,0,0,0,0,0,0
0,0,0,0.109684342682674,0.0597658061299591,0.0143476489072698,0.0625208560259793,0.000685278469765576,3.17475556270303e-10,0,0.0222505936108313,0.0507798611307218,0,2.05944706173749e-05,0.0777785029735519,0.00164834002341012,0.0222253140282935,0.0310369117867557,0.0222635540227805,0.0186521145535457,0.0080024829703133,3.46791487533261e-07,4.45494322013724e-06,0.000245059283866113,0,7.45934431930777e-08,1.61484210145986e-09,5.39163831412546e-07,3.43309026462516e-36,3.04437534665408e-33,2.48855253321698e-07,0,4.51517754658491e-09,3.10468547769877e-07,1.42704385320686e-06,4.81510263735101e-07,0.000164342926744833,6.31788955929894e-06,0,0,0,0,0,0,0,0,0,0,0,0,0,0,0,0,0,0,0,0,0,0,0,0,0,0,0,0,0,0,0,0,0,0,0,0,0,0,0,0,0,0,0,0,0,0,0,0,0,0,0
0,0,0,0.111586529631948,0.00477477315417269,0.00121857381017104,0.0126569339008751,2.10471085646038e-06,5.80850454886799e-14,0,0.00942654426282907,0.0477624236332212,0,0.000297037639056267,0.093789434874424,0.00718924482289168,0.0250951959731439,0.04317418841937,0.0241228872079253,0.0290329674012951,0.0125505355293604,1.81482320425581e-05,6.40989923504896e-05,0.00593721932369906,0,1.97245669350772e-07,1.65124198852996e-08,2.73934371801816e-06,2.2378157280229e-31,2.3251210480809e-30,1.31978294041027e-06,0,3.56614983435061e-08,1.5329230717424e-06,6.38950961638916e-06,2.51258172591948e-06,0.000287381868857053,1.51115793051117e-05,0,0,0,0,0,0,0,0,0,0,0,0,0,0,0,0,0,0,0,0,0,0,0,0,0,0,0,0,0,0,0,0,0,0,0,0,0,0,0,0,0,0,0,0,0,0,0,0,0,0,0
0,0,0,0.096360996287503,0.000130400475064339,4.80829962820482e-05,0.00145119148630431,9.83191870633808e-10,2.26542342273795e-18,0,0.00330333120010075,0.042118603610624,0,0.00265160858921838,0.101540567075383,0.0234658002394238,0.0278647986080105,0.0565238799895463,0.0257590555700662,0.0413670426517616,0.0185715902794756,0.0004705888728486,0.000591345510753452,0.0466996899369257,0,5.01739047452561e-07,1.43583453014038e-07,1.23934519055856e-05,6.38879830407423e-27,1.29258866718414e-27,6.20899038494226e-06,0,2.46501350038389e-07,6.80750396909123e-06,2.55667398266783e-05,1.15877879492578e-05,0.000488780926144896,3.46385243328349e-05,0,0,0,0,0,0,0,0,0,0,0,0,0,0,0,0,0,0,0,0,0,0,0,0,0,0,0,0,0,0,0,0,0,0,0,0,0,0,0,0,0,0,0,0,0,0,0,0,0,0,0
0,0,0,0.070633897089175,1.21739656560219e-06,8.81454276935412e-07,9.42352842826256e-05,6.98561425995288e-14,1.88349924655559e-23,0,0.000957503623871295,0.0348220498359695,0,0.0146502296074887,0.0986998689980234,0.0573195921602664,0.0304259296709528,0.0696469097112708,0.0271079354726793,0.0539532011019147,0.0259289701438809,0.00604631013889976,0.00349794098915691,0.11925150657946,2016.30269182642,1.22775560927993e-06,1.06172262767571e-06,4.99295925928245e-05,7.988583690895e-23,5.23049179630884e-25,2.59120781011051e-05,0,1.49119342331802e-06,2.71906905714232e-05,9.14241204472152e-05,4.72331137050832e-05,0.000808566367398372,7.60887784426632e-05,0,0,0,0,0,0,0,0,0,0,0,0,0,0,0,0,0,0,0,0,0,0,0,0,0,0,0,0,0,0,0,0,0,0,0,0,0,0,0,0,0,0,0,0,0,0,0,0,0,0,0
0,0,0,0.0439488414760739,3.88518263838143e-09,7.50717672465919e-09,3.4657320424974e-06,7.54903442681112e-19,3.33820133767845e-29,0,0.000229571214706145,0.0269915274332398,0,0.0500975545400444,0.0861360385277465,0.10478194132339,0.0326703988920125,0.0807669790612296,0.0281143992370449,0.064413908941487,0.0341562968193862,0.0384928991390847,0.0132667555067321,0.0988627585728514,0,2.89007793853565e-06,6.67622190003247e-06,0.000179119858885903,4.37498085869223e-19,1.54060786863379e-22,9.59281966851519e-05,0,7.89484519821784e-06,9.76826345064312e-05,0.000292162077990558,0.000170160325423805,0.00130095906939447,0.000160174561694429,0,0,0,0,0,0,0,0,0,0,0,0,0,0,0,0,0,0,0,0,0,0,0,0,0,0,0,0,0,0,0,0,0,0,0,0,0,0,0,0,0,0,0,0,0,0,0,0,0,0,0
0,0,0,0.0232115461578187,4.2385496512149e-12,2.97044881686301e-11,7.21886685335191e-08,1.24079117266076e-24,1.26121931902013e-35,0,4.55284784815223e-05,0.0196152275757503,0,0.106029253450946,0.067490794187406,0.143345946226524,0.0344975020033659,0.0881511393008511,0.0287360472848202,0.0703949959490142,0.0424527304025829,0.121426159426222,0.0322625020538679,0.0266085094486989,0,6.54441429264441e-06,3.56996092718507e-05,0.00057220208227558,1.04939328593739e-15,3.30300402681369e-20,0.000315030858399016,0,3.65803805930688e-05,0.000315630731901426,0.000834381206777801,0.000541795923774294,0.00203590791558467,0.000323130668599839,0,0,0,0,0,0,0,0,0,0,0,0,0,0,0,0,0,0,0,0,0,0,0,0,0,0,0,0,0,0,0,0,0,0,0,0,0,0,0,0,0,0,0,0,0,0,0,0,0,0,0
0,0,0,0.0104059823742313,1.5807004575171e-15,5.46054626646284e-14,8.51600082928127e-10,3.10189053864178e-31,1.01578013166368e-42,0,7.4685714535544e-06,0.0133644780229182,0,0.13889031462478,0.0474783381588109,0.146757402851427,0.0358214772207034,0.0905490967720302,0.0289461700330839,0.07042123169157,0.0497840029742204,0.189795246793086,0.050305148736274,0.00232502347476292,0,1.42559320251834e-05,0.000162333881339635,0.00162770279335911,1.10244304336839e-12,5.154582555899e-18,0.00091774640602965,0,0.00014833641620944,0.000917288592671748,0.00212952526806994,0.00152468052687511,0.00309884009312023,0.000624704330827994,0,0,0,0,0,0,0,0,0,0,0,0,0,0,0,0,0,0,0,0,0,0,0,0,0,0,0,0,0,0,0,0,0,0,0,0,0,0,0,0,0,0,0,0,0,0,0,0,0,0,0
0,0,0,0.00395990236101518,2.01515451309366e-19,4.66357206821702e-17,5.68977341671669e-12,1.17943693761695e-38,1.74397327316243e-50,0,1.01339939966997e-06,0.0085369632457827,0,0.112604384534049,0.0299873305085858,0.112442435975421,0.0365781693204892,0.0875391686690641,0.0287356513352564,0.0644859556808579,0.0550837295878375,0.146994078573639,0.0502930416851747,6.59558178363623e-05,0,2.98733583936231e-05,0.000627722784146327,0.00412307052176439,5.07259042401103e-10,5.85524809247663e-16,0.0023716744122362,1333.12232941273,0.000526432031438834,0.0023977146396831,0.0048571184705848,0.0037921688658168,0.00458761262440654,0.00115739754498982,0,0,0,0,0,0,0,0,0,0,0,0,0,0,0,0,0,0,0,0,0,0,0,0,0,0,0,0,0,0,0,0,0,0,0,0,0,0,0,0,0,0,0,0,0,0,0,0,0,0,0
0,0,0,0.00127911103516082,8.78200323052029e-24,1.85041814105881e-20,2.15301404093304e-14,6.82092800365753e-47,6.38279575764112e-59,0,1.13739795703152e-07,0.00511266789032383,0,0.0565035483754409,0.0170047961311401,0.0644727359644415,0.0367301812851187,0.0796494563318976,0.0281136244744401,0.0540538160508032,0.0575050782557663,0.0564099590198456,0.0322392135970693,6.07432255956214e-07,0,6.02193528828555e-05,0.00206414224377296,0.00930007384276074,1.02225487374688e-07,4.8413280091889e-14,0.00543688595645501,0,0.0016350528412801,0.00563707469002025,0.00990038789467471,0.00833608582874091,0.00660573047261611,0.00205495492167651,0,0,0,0,0,0,0,0,0,0,0,0,0,0,0,0,0,0,0,0,0,0,0,0,0,0,0,0,0,0,0,0,0,0,0,0,0,0,0,0,0,0,0,0,0,0,0,0,0,0,0
0,0,3764.27237994981,0.000350715039583252,1.30829385639834e-28,3.41106225856354e-24,4.61414635538016e-17,5.999743582654e-56,4.97981354490755e-68,1202.08475988729,1.05592468761417e-08,0.00287067821913264,0,0.0175482262100127,0.00865757732572884,0.0276654399775192,0.0362699376703074,0.0682064295836707,0.0271068149399324,0.0414750839247358,0.0566419762331109,0.0107263796367695,0.0132507984928557,1.81619118326304e-09,0,0.000116775496152991,0.00577197394061925,0.0186797908824893,9.02286247919895e-06,2.91374217101353e-12,0.0110562578458425,0,0.00444443173952256,0.0119199621217197,0.0180344681608343,0.016195799108138,0.00925127301338766,0.00349650170732867,4.07027575656768e-300,0,0,0,0,0,0,0,0,0,0,0,0,0,0,0,0,0,0,0,0,0,0,0,0,0,0,0,0,0,0,0,0,0,0,0,0,0,0,0,0,0,0,0,0,0,0,0,0,0,0
0,0,0,8.16249466633479e-05,6.66259600310733e-34,2.92131237613952e-28,5.60052167999218e-20,8.02679918825819e-66,8.28220981208198e-78,0,8.10853027655196e-10,0.00151117307203405,0,0.0033730890567508,0.00395742465438254,0.00888412558288804,0.0352203103188854,0.0549705293022427,0.0257576358791927,0.0291304962333062,0.0526404912523211,0.00101062951848052,0.0034920522420843,1.76296726576628e-12,0,0.00021783665517857,0.0137253083910123,0.0334100867021092,0.000348807040727539,1.27645390526535e-10,0.0199447626875164,0,0.0105729371327644,0.022670481982162,0.0293583797250925,0.0278104668458808,0.0126016868438859,0.00570133936204942,1.40261253095648e-266,4.07027575656768e-300,0,0,0,0,0,0,0,0,0,0,0,0,0,0,0,0,0,0,0,0,0,0,0,0,0,0,0,0,0,0,0,0,0,0,0,0,0,0,0,0,0,0,0,0,0,0,0,0,0
0,0,0,1.61255229352716e-05,1.15986682398994e-39,1.16234468661856e-32,3.84997769304372e-23,1.63332492692445e-76,2.93636734714542e-88,0,5.15038910113325e-11,0.000745824522441305,0,0.000401291048796047,0.00162412801341712,0.00213504691698748,0.0336327344648388,0.0416962140871837,0.0241212253260108,0.0187287239031852,0.0461584064607992,4.71815527771665e-05,0.000590065859298713,5.55579108543475e-16,0,0.000390907317745272,0.027754465683442,0.0532112149018931,0.00590584307705894,4.07030129586016e-09,0.0319162874432808,0,0.0220125330513431,0.0387803231411808,0.0427108724086353,0.0422065517389708,0.0166956144117502,0.00890905710490657,4.90214253723044e-235,1.40261253095648e-266,4.07027575656768e-300,0,0,0,0,0,0,0,0,0,0,0,0,0,0,0,0,0,0,0,0,0,0,0,0,0,0,0,0,0,0,0,0,0,0,0,0,0,0,0,0,0,0,0,0,0,0,0,0
0,0,0,2.704126974121e-06,6.90238597925993e-46,2.14862415825802e-37,1.49892725701909e-26,5.05502451258993e-88,2.21924656050034e-99,0,2.7059928006003e-12,0.000345105492826078,0,2.95480087270768e-05,0.000598438031565903,0.00038398634745258,0.0315830312716739,0.0297663395496543,0.0222617134897185,0.0110221974624901,0.0381883608978411,1.09142504675577e-06,6.39295011033156e-05,5.68416318181615e-20,0,0.000674808031407682,0.0477261762219673,0.0754655473264128,0.0437959871739891,9.44746703178777e-08,0.0453063047576467,0,0.0401087709337995,0.0596659947558801,0.0555293278174044,0.0566131290007548,0.0215140744215022,0.0133413044678586,1.73767476443965e-205,4.90214253723044e-235,1.40261253095648e-266,4.07027575656768e-300,0,0,0,0,0,0,0,0,0,0,0,0,0,0,0,0,0,0,0,0,0,0,0,0,0,0,0,0,0,0,0,0,0,0,0,0,0,0,0,0,0,0,0,0,0,0,0
0,0,0,3.84913133393933e-07,1.40416073516824e-52,1.84524721241999e-42,3.3051830301542e-30,2.37954775748289e-100,3.57545845887732e-111,0,1.17598540586163e-13,0.000149713114548342,0,1.34658584858913e-06,0.000197974584678521,5.16820545718415e-05,0.0291654091696607,0.0199993712163338,0.0202480716913138,0.00593783167513928,0.0298099032653335,1.25099921725357e-08,4.44102497669346e-06,1.88801804342355e-24,0,0.00112059914558722,0.0697900356262492,0.0953046864963586,0.142246795887885,1.5961423361403e-06,0.057051582572897,0,0.0639592921340796,0.0825671206189996,0.0645184618962038,0.0671150843702992,0.0269643195138242,0.0191459337103007,6.24719974638119e-178,1.73767476443965e-205,4.90214253723044e-235,1.40261253095648e-266,4.07027575656768e-300,0,0,0,0,0,0,0,0,0,0,0,0,0,0,0,0,0,0,0,0,0,0,0,0,0,0,0,0,0,0,0,0,0,0,0,0,0,0,0,0,0,0,0,0,0,0
0,0,0,4.65072601768789e-08,9.76474432503266e-60,7.36236331573908e-48,4.12765209409504e-34,1.70367232609897e-113,1.22797331535867e-123,0,4.22732780583842e-15,6.08920477574082e-05,0,3.79819235187905e-08,5.88018543019187e-05,5.20570296281845e-06,0.0264853043835058,0.0126464710477144,0.0181499155229819,0.00292810922135502,0.0219553038922394,7.10495931623894e-11,1.9780906434599e-07,2.0359387869717e-29,0,0.00179012737112665,0.0867847085959744,0.107176548610317,0.202351496953538,1.96288679769534e-05,0.0637293559714775,0,0.0892612377837798,0.102766646688155,0.0669920410062884,0.0703216118124347,0.0328702343386787,0.0263309488153833,2.27791035698287e-152,6.24719974638119e-178,1.73767476443965e-205,4.90214253723044e-235,1.40261253095648e-266,4.07027575656768e-300,0,0,0,0,0,0,0,0,0,0,0,0,0,0,0,0,0,0,0,0,0,0,0,0,0,0,0,0,0,0,0,0,0,0,0,0,0,0,0,0,0,0,0,0,0
0,0,0,4.76981084904484e-09,2.32130066989548e-67,1.36473558547249e-53,2.91946497258707e-38,1.85523186976134e-127,8.99036106442856e-137,0,1.25695178555711e-16,2.32195647090622e-05,941.358966876648,6.63066283840133e-10,1.56806452275098e-05,3.9240508219251e-07,0.0236518161632029,0.007526351013776,0.0160336132438111,0.00132174098725283,0.0152569483570668,1.9994363737684e-13,5.64924271605668e-09,7.12758269345707e-35,0,0.00275094039650034,0.0917711151475754,0.107326077475618,0.126074166758785,0.000175705880248064,0.0631501146104545,0,0.109022747597194,0.115043483469562,0.0621641541072572,0.0651213187789243,0.0389728955353722,0.0347030918219426,8.42407461973924e-129,2.27791035698287e-152,6.24719974638119e-178,1.73767476443965e-205,4.90214253723044e-235,1.40261253095648e-266,4.07027575656768e-300,0,0,0,0,0,0,0,0,0,0,0,0,0,0,0,0,0,0,0,0,0,0,0,0,0,0,0,0,0,0,0,0,0,0,0,0,0,0,0,0,0,0,0,0
0,0,0,4.15244544282776e-10,1.88637653496766e-75,1.17529901035903e-59,1.1694887985718e-42,3.07277532830795e-142,1.40312495928254e-150,0,3.09143422777852e-18,8.30118951657382e-06,0,7.16430417790121e-12,3.75429299231397e-06,2.21363233352579e-08,0.020770485711223,0.00421562223490031,0.0139589919370934,0.000546141449087932,0.0100033447680479,2.78801442985022e-16,1.03446393090403e-10,8.10100286237389e-41,0,0.00406669901408488,0.0825242941658821,0.0957041402929259,0.0344034144724748,0.00114483986325989,0.0555100394840917,0,0.116537662471124,0.115834159934248,0.0515506876022554,0.0532995143443739,0.0449437270202943,0.0438310154673681,3.15967286113588e-107,8.42407461973924e-129,2.27791035698287e-152,6.24719974638119e-178,1.73767476443965e-205,4.90214253723044e-235,1.40261253095648e-266,4.07027575656768e-300,0,0,0,0,0,0,0,0,0,0,0,0,0,0,0,0,0,0,0,0,0,0,0,0,0,0,0,0,0,0,0,0,0,0,0,0,0,0,0,0,0,0,0
0,0,0,3.06852092725726e-11,5.24024802238125e-84,4.70237011531052e-66,2.65327018799772e-47,7.74076533829212e-158,4.66816908247494e-165,0,6.28912318996778e-20,2.7823985895578e-06,0,4.79102204760784e-14,8.07018931596545e-07,9.34527277728415e-10,0.0179370674700327,0.00222229140388474,0.0119768487928732,0.000206568270859615,0.00618831105786826,1.92629980842755e-19,1.21456718531152e-12,2.98919522051071e-47,0,0.00578317696486488,0.0631059977900469,0.0759934523860679,0.0041118072198122,0.00542963449469347,0.0432844306312658,0,0.109021071011437,0.104900141788515,0.0382037954831628,0.0385557371821716,0.0504106192298783,0.0530525908832733,1.20197759852224e-87,3.15967286113588e-107,8.42407461973924e-129,2.27791035698287e-152,6.24719974638119e-178,1.73767476443965e-205,4.90214253723044e-235,1.40261253095648e-266,4.07027575656768e-300,0,0,0,0,0,0,0,0,0,0,0,0,0,0,0,0,0,0,0,0,0,0,0,0,0,0,0,0,0,0,0,0,0,0,0,0,0,0,0,0,0,0
0,0,0,1.92476015717287e-12,4.97624516312962e-93,8.74085328373558e-73,3.40925512176244e-52,2.96590666953686e-174,3.31076089935764e-180,0,1.05830023153384e-21,8.7436168951831e-07,0,1.9829848837058e-16,1.55750915870393e-07,2.95252852147853e-11,0.0152327692195505,0.00110256049787341,0.0101273759972422,7.1519057931268e-05,0.00361200523802826,6.59468690257835e-23,9.14342289207457e-15,3.58087157207117e-54,0,0.00791142171761976,0.0410367035847535,0.053733063645983,0.00021523837176389,0.01874406805901,0.0299401975625157,0,0.0892584924306768,0.0854437477089911,0.0253020771447389,0.0246502010085355,0.0549947861904184,0.0615379984007555,4.63751114534689e-70,1.20197759852224e-87,3.15967286113588e-107,8.42407461973924e-129,2.27791035698287e-152,6.24719974638119e-178,1.73767476443965e-205,4.90214253723044e-235,1.40261253095648e-266,4.07027575656768e-300,0,0,0,0,0,0,0,0,0,0,0,0,0,0,0,0,0,0,0,0,0,0,0,0,0,0,0,0,0,0,0,0,0,0,0,0,0,0,0,0,0
0,0,0,1.02481748607876e-13,1.61539287364773e-102,7.54847874020072e-80,2.48101928065242e-57,1.72842899470081e-191,5.00541474556726e-196,0,1.47304623849611e-23,2.57605811994801e-07,0,5.07981292896682e-19,2.69878831912117e-08,6.98090691743557e-13,0.0127212244323589,0.000514832498227147,0.00843950858346929,2.26662487929381e-05,0.00198917936236815,1.11868011063058e-26,4.41343914622484e-17,1.39265064310777e-61,0,0.0104113294736751,0.0226927593014846,0.0338319484573615,4.93471877186124e-06,0.0471003912568315,0.0183713213581022,0,0.0639563414217321,0.0625963910147928,0.0149755732110826,0.013928925430426,0.0583535848291426,0.0684056284073896,1.81471278080982e-54,4.63751114534689e-70,1.20197759852224e-87,3.15967286113588e-107,8.42407461973924e-129,2.27791035698287e-152,6.24719974638119e-178,1.73767476443965e-205,4.90214253723044e-235,1.40261253095648e-266,4.07027575656768e-300,0,0,0,0,0,0,0,0,0,0,0,0,0,0,0,0,0,0,0,0,0,0,0,0,0,0,0,0,0,0,0,0,0,0,0,0,0,0,0,0
0,0,0,4.63168281053965e-15,1.79259023085745e-112,3.02854217199919e-87,1.02257080779496e-62,1.53202583611094e-209,1.61318186663389e-212,0,1.69594813462688e-25,7.11562339377637e-08,0,8.05402764431673e-22,4.19854063415684e-09,1.23522257223828e-14,0.0104472406414585,0.000226251559132529,0.00693111718481617,6.57562764891591e-06,0.00103359132506127,9.40284089915549e-31,1.36592404884201e-19,1.75838753066023e-69,0,0.0131801832090964,0.010671246598538,0.01896847416517,4.95519640420439e-08,0.086149464471903,0.00999974455784984,0,0.0401063037700419,0.0412461191923706,0.00792115202895384,0.00695633448336686,0.0602226832672484,0.0728705437457884,7.20219985297264e-41,1.81471278080982e-54,4.63751114534689e-70,1.20197759852224e-87,3.15967286113588e-107,8.42407461973924e-129,2.27791035698287e-152,6.24719974638119e-178,1.73767476443965e-205,4.90214253723044e-235,1.40261253095648e-266,4.07027575656768e-300,0,0,0,0,0,0,0,0,0,0,0,0,0,0,0,0,0,0,0,0,0,0,0,0,0,0,0,0,0,0,0,0,0,0,0,0,0,0,0
0,0,0,1.77686105862178e-16,6.80002260527447e-123,5.64516185795973e-95,2.38698260919631e-68,2.06538547914392e-228,1.10830069644218e-229,0,1.61509269377631e-27,1.8427355395633e-08,0,7.90342968996377e-25,5.86434113789974e-10,1.63566446169213e-16,0.00843717220978575,9.35791961685474e-05,0.00560990079433121,1.74620195284951e-06,0.000506725901422388,3.91609928783846e-35,2.71054756432828e-22,7.20785396878649e-78,0,0.016050933885195,0.00426732790122531,0.00947016975125202,2.17929034318225e-10,0.114695942494624,0.00482836616521887,0,0.0220108405254657,0.0244445294772551,0.00374430189563324,0.00307049923397751,0.060450402963008,0.0743915976785074,2.8990571562753e-29,7.20219985297264e-41,1.81471278080982e-54,4.63751114534689e-70,1.20197759852224e-87,3.15967286113588e-107,8.42407461973924e-129,2.27791035698287e-152,6.24719974638119e-178,1.73767476443965e-205,4.90214253723044e-235,1.40261253095648e-266,4.07027575656768e-300,0,0,0,0,0,0,0,0,0,0,0,0,0,0,0,0,0,0,0,0,0,0,0,0,0,0,0,0,0,0,0,0,0,0,0,0,0,0
0,0,0,5.78616088639949e-18,8.81792003309887e-134,4.88863660346118e-103,3.15571469937399e-74,4.23503138551242e-248,1.62316583298486e-247,0,1.27224583357927e-29,4.47410147567714e-09,0,4.80015381033276e-28,7.3541319442949e-11,1.62090978049949e-18,0.00670061800773966,3.64274811783626e-05,0.00447479329126145,4.24474320188779e-07,0.000234394107538184,8.08145830189158e-40,3.44880457887222e-25,9.59215826431198e-87,0,0.0188036763032143,0.00145114190853048,0.00421020370885815,4.19783217630384e-13,0.111150374915584,0.00206811302333855,0,0.0105719616067552,0.0130300194427547,0.00158172501074598,0.00119785217304429,0.0590180472883839,0.0727792313213629,1.18353941602211e-19,2.8990571562753e-29,7.20219985297264e-41,1.81471278080982e-54,4.63751114534689e-70,1.20197759852224e-87,3.15967286113588e-107,8.42407461973924e-129,2.27791035698287e-152,6.24719974638119e-178,1.73767476443965e-205,4.90214253723044e-235,1.40261253095648e-266,4.07027575656768e-300,0,0,0,0,0,0,0,0,0,0,0,0,0,0,0,0,0,0,0,0,0,0,0,0,0,0,0,0,0,0,0,0,0,0,0,0,0
0,0,0,1.59937357808428e-19,3.90884477221012e-145,1.96683394745167e-111,2.36286453615024e-80,1.32078652914578e-268,5.0675633940098e-266,0,8.28959515113779e-32,1.01845397740268e-09,0,1.80439574559849e-31,8.28008767412125e-12,1.20209583995063e-20,0.00523305667535025,1.33456913646954e-05,0.00351768245551129,9.44513280044806e-08,0.000102298581791259,8.26356055974847e-45,2.81359259863784e-28,4.14424731510213e-96,0,0.0211908720265406,0.000419639889333667,0.00166674221260904,3.54152902811935e-16,0.0784045405927688,0.000785798364767285,0,0.00444395332660905,0.00624702490464872,0.000597129766497741,0.000413012457463579,0.0560424366263402,0.0682343007373837,4.90052956023898e-12,1.18353941602211e-19,2.8990571562753e-29,7.20219985297264e-41,1.81471278080982e-54,4.63751114534689e-70,1.20197759852224e-87,3.15967286113588e-107,8.42407461973924e-129,2.27791035698287e-152,6.24719974638119e-178,1.73767476443965e-205,4.90214253723044e-235,1.40261253095648e-266,4.07027575656768e-300,0,0,0,0,0,0,0,0,0,0,0,0,0,0,0,0,0,0,0,0,0,0,0,0,0,0,0,0,0,0,0,0,0,0,0,0
0,0,0,3.75259508409834e-21,5.92321041407722e-157,3.67634465663371e-120,1.00201109135231e-86,6.26511594018207e-290,3.37261292410022e-285,0,4.46770308840505e-34,2.17355056364627e-10,0,4.19802979515056e-35,8.3700832875485e-13,6.67167638112896e-23,0.00401900593836524,4.60166621966598e-06,0.00272524872104776,1.92381989166528e-08,4.21251900920119e-05,4.18683771381808e-50,1.47175293948897e-31,5.81291491890651e-106,0,0.0229730412778701,0.000103194524214531,0.000587562052556161,1.30861621011718e-19,0.0402567677420311,0.000264856570753463,0,0.00163485169729338,0.00269380529886861,0.000201457794502407,0.000125860302686044,0.05176017312331,0.061306952553868,2.05796336477101e-06,4.90052956023898e-12,1.18353941602211e-19,2.8990571562753e-29,7.20219985297264e-41,1.81471278080982e-54,4.63751114534689e-70,1.20197759852224e-87,3.15967286113588e-107,8.42407461973924e-129,2.27791035698287e-152,6.24719974638119e-178,1.73767476443965e-205,4.90214253723044e-235,1.40261253095648e-266,4.07027575656768e-300,0,0,0,0,0,0,0,0,0,0,0,0,0,0,0,0,0,0,0,0,0,0,0,0,0,0,0,0,0,0,0,0,0,0,0
0,0,0,7.47370359313866e-23,3.06826146470125e-169,3.19251780030657e-129,2.40657193050041e-93,4.52007954420315e-312,4.78481136791028e-305,0,1.99170028094175e-36,4.3490144167891e-11,0,6.04500020794249e-39,7.59654211641309e-14,2.7710634904022e-25,0.00303532003817181,1.49331440183661e-06,0.00208075771532324,3.58690974054146e-09,1.6366788559136e-05,1.05110590624062e-55,4.93616517260679e-35,2.64704448948659e-116,0,0.0239580661064098,2.15799061800045e-05,0.000184441660456149,2.1178224203254e-23,0.015045408873591,7.91905141030179e-05,0,0.000526359175199407,0.00104477785882323,6.07403156168181e-05,3.38984692269622e-05,0.0464965755678343,0.0527871742957938,0.00876529635760607,2.05796336477101e-06,4.90052956023898e-12,1.18353941602211e-19,2.8990571562753e-29,7.20219985297264e-41,1.81471278080982e-54,4.63751114534689e-70,1.20197759852224e-87,3.15967286113588e-107,8.42407461973924e-129,2.27791035698287e-152,6.24719974638119e-178,1.73767476443965e-205,4.90214253723044e-235,1.40261253095648e-266,4.07027575656768e-300,0,0,0,0,0,0,0,0,0,0,0,0,0,0,0,0,0,0,0,0,0,0,0,0,0,0,0,0,0,0,0,0,0,0
0,0,0,1.26346265714125e-24,5.43317932181913e-182,1.28800935938561e-138,3.27354095295563e-100,0,0,0,7.34433307962949e-39,8.15839460574504e-12,0,5.38746181469198e-43,6.19003987611855e-15,8.61337999242792e-28,0.0022543064910846,4.56088892314742e-07,0.00156567904904122,6.12175833415244e-10,5.99976731150624e-06,1.30751976007441e-61,1.06151351460373e-38,3.91333914770049e-127,0,0.0240352490569309,3.83756249785634e-06,5.15566020883472e-05,1.50114465316175e-27,0.00409295049952102,2.10038231463218e-05,0,0.000148313606152062,0.000364457179437679,1.63661914952241e-05,8.06932293861573e-06,0.0406249420599337,0.0435570845880468,0.378642978924121,0.00876529635760607,2.05796336477101e-06,4.90052956023898e-12,1.18353941602211e-19,2.8990571562753e-29,7.20219985297264e-41,1.81471278080982e-54,4.63751114534689e-70,1.20197759852224e-87,3.15967286113588e-107,8.42407461973924e-129,2.27791035698287e-152,6.24719974638119e-178,1.73767476443965e-205,4.90214253723044e-235,1.40261253095648e-266,4.07027575656768e-300,0,0,0,0,0,0,0,0,0,0,0,0,0,0,0,0,0,0,0,0,0,0,0,0,0,0,0,0,0,0,0,0,0
0,0,0,1.81305645516085e-26,3.28883572325113e-195,2.41420026911806e-148,2.52190848804353e-107,0,0,0,2.24011051008564e-41,1.43486594472081e-12,0,2.97172878622047e-47,4.52858235250615e-16,2.00362464259245e-30,0.00164643301283334,1.31102157824032e-07,0.00116104706249907,9.56382474379921e-11,2.07517477963441e-06,8.05919160282856e-68,1.46366755025033e-42,1.87824701301428e-138,0,0.0231957861581834,5.8032914296808e-07,1.28330394618041e-05,4.66027239196634e-32,0.00081046897581598,4.94181317623363e-06,0,3.65741930795475e-05,0.000114349389744015,3.94090374530323e-06,1.69769551187854e-06,0.0345232026884715,0.0344429938807038,0.165892805214938,0.378642978924121,0.00876529635760607,2.05796336477101e-06,4.90052956023898e-12,1.18353941602211e-19,2.8990571562753e-29,7.20219985297264e-41,1.81471278080982e-54,4.63751114534689e-70,1.20197759852224e-87,3.15967286113588e-107,8.42407461973924e-129,2.27791035698287e-152,6.24719974638119e-178,1.73767476443965e-205,4.90214253723044e-235,1.40261253095648e-266,4.07027575656768e-300,0,0,0,0,0,0,0,0,0,0,0,0,0,0,0,0,0,0,0,0,0,0,0,0,0,0,0,0,0,0,0,0
0,0,0,2.20842482614215e-28,6.80544912202046e-209,2.10230707968582e-158,1.10035667344723e-114,0,0,0,5.65164951538585e-44,2.36597803942944e-13,0,1.0145447753026e-51,2.97455784710259e-17,3.48798612069567e-33,0.00118249088331019,3.54676395908912e-08,0.000848521332402102,1.36768704203956e-11,6.77211448234015e-07,2.46136565701027e-74,1.29401834712872e-46,2.92669118046563e-150,0,0.0215344194369567,7.46287744314541e-08,2.84442673571132e-06,6.33659304175127e-37,0.000116816368960272,1.03142362047235e-06,0,7.89338840878781e-06,3.22690354824236e-05,8.4805035781538e-07,3.15680822180678e-07,0.0285348726750222,0.0261008522475506,0.000737156217243045,0.165892805214938,0.378642978924121,0.00876529635760607,2.05796336477101e-06,4.90052956023898e-12,1.18353941602211e-19,2.8990571562753e-29,7.20219985297264e-41,1.81471278080982e-54,4.63751114534689e-70,1.20197759852224e-87,3.15967286113588e-107,8.42407461973924e-129,2.27791035698287e-152,6.24719974638119e-178,1.73767476443965e-205,4.90214253723044e-235,1.40261253095648e-266,4.07027575656768e-300,0,0,0,0,0,0,0,0,0,0,0,0,0,0,0,0,0,0,0,0,0,0,0,0,0,0,0,0,0,0,0
0,0,0,2.28336999653671e-30,4.8139089347274e-223,8.50526002184543e-169,2.71913176560243e-122,0,0,0,1.17942328594239e-46,3.65765594072824e-14,0,2.14373129273004e-56,1.75417894867447e-18,4.54410918812142e-36,0.00083516862005549,9.0306047788442e-09,0.0006111412017333,1.79036488231351e-12,2.08517850469148e-07,3.72479373291265e-81,7.33532728841596e-51,1.48053972078201e-162,0,0.0192318401693591,8.16114790504247e-09,5.61409753975404e-07,3.77360193952092e-42,1.22557082984627e-05,1.90963604055586e-07,0,1.49089533434589e-06,8.19035846685884e-06,1.63089150624915e-07,5.18802776873248e-08,0.0229396790589078,0.0189548426881187,3.32220060816362e-08,0.000737156217243045,0.165892805214938,0.378642978924121,0.00876529635760607,2.05796336477101e-06,4.90052956023898e-12,1.18353941602211e-19,2.8990571562753e-29,7.20219985297264e-41,1.81471278080982e-54,4.63751114534689e-70,1.20197759852224e-87,3.15967286113588e-107,8.42407461973924e-129,2.27791035698287e-152,6.24719974638119e-178,1.73767476443965e-205,4.90214253723044e-235,1.40261253095648e-266,4.07027575656768e-300,0,0,0,0,0,0,0,0,0,0,0,0,0,0,0,0,0,0,0,0,0,0,0,0,0,0,0,0,0,0
0,0,0,2.00397516870647e-32,1.16403333550415e-237,1.59862875898234e-179,3.80556933217853e-130,0,0,0,2.03588326952724e-49,5.30136556863107e-15,0,2.8035387145256e-61,9.28788216451359e-20,4.43035364995607e-39,0.000580060331738007,2.16403104924251e-09,0.000433796675919578,2.14533967381801e-13,6.05775249080796e-08,2.79299240518267e-88,2.6661196185174e-55,2.43154437948621e-175,0,0.0165223613500203,7.58943066481433e-10,9.86700015493158e-08,9.84265160515202e-48,9.35923891105969e-07,3.13636726129896e-08,0,2.46448284499839e-07,1.86975467250432e-06,2.80289039357575e-08,7.53567360356448e-09,0.0179368127172147,0.0131915972424904,1.51854096764098e-14,3.32220060816362e-08,0.000737156217243045,0.165892805214938,0.378642978924121,0.00876529635760607,2.05796336477101e-06,4.90052956023898e-12,1.18353941602211e-19,2.8990571562753e-29,7.20219985297264e-41,1.81471278080982e-54,4.63751114534689e-70,1.20197759852224e-87,3.15967286113588e-107,8.42407461973924e-129,2.27791035698287e-152,6.24719974638119e-178,1.73767476443965e-205,4.90214253723044e-235,1.40261253095648e-266,4.07027575656768e-300,0,0,0,0,0,0,0,0,0,0,0,0,0,0,0,0,0,0,0,0,0,0,0,0,0,0,0,0,0
0,0,0,1.49290013697862e-34,9.62186886397743e-253,1.39597047013281e-190,3.01648824426986e-138,0,0,0,2.9068642293804e-52,7.20386251521778e-16,0,2.26923696395785e-66,4.41520451489452e-21,3.23253814139707e-42,0.000396182051577455,4.88058905732611e-10,0.000303456701692305,2.35315358251984e-14,1.66046279038604e-08,1.03771648797378e-95,6.21327874716841e-60,1.29647250312859e-188,0,0.0136548518635107,6.00178117118878e-11,1.54422399203537e-08,1.12440791858433e-53,5.2024756538339e-08,4.5694717944019e-09,0,3.56532730246109e-08,3.83911513180669e-07,4.30491691823606e-09,9.67403292726259e-10,0.013641111134689,0.0087980471396588,7.0398192948856e-23,1.51854096764098e-14,3.32220060816362e-08,0.000737156217243045,0.165892805214938,0.378642978924121,0.00876529635760607,2.05796336477101e-06,4.90052956023898e-12,1.18353941602211e-19,2.8990571562753e-29,7.20219985297264e-41,1.81471278080982e-54,4.63751114534689e-70,1.20197759852224e-87,3.15967286113588e-107,8.42407461973924e-129,2.27791035698287e-152,6.24719974638119e-178,1.73767476443965e-205,4.90214253723044e-235,1.40261253095648e-266,4.07027575656768e-300,0,0,0,0,0,0,0,0,0,0,0,0,0,0,0,0,0,0,0,0,0,0,0,0,0,0,0,0
0,0,0,9.4404252139953e-37,2.71881663162929e-268,5.66335029773646e-202,1.35417954388789e-146,0,0,0,3.43309104327708e-55,9.17774187511072e-17,0,1.13681611701473e-71,1.88441381621814e-22,1.76508062345887e-45,0.000266096436150715,1.03596026604741e-10,0.000209205502828117,2.36267603978431e-15,4.29433685617811e-09,1.91042113978329e-103,9.28417071788837e-65,2.24420947990051e-202,0,0.010855890940653,4.03612051769075e-12,2.1520652540421e-09,5.62589256101291e-60,2.10497520490691e-09,5.90565224280639e-10,0,4.51406670181445e-09,7.08993800402668e-08,5.90882392140289e-10,1.0976369986033e-10,0.0100902228545177,0.0056232434814906,3.31002175928993e-33,7.0398192948856e-23,1.51854096764098e-14,3.32220060816362e-08,0.000737156217243045,0.165892805214938,0.378642978924121,0.00876529635760607,2.05796336477101e-06,4.90052956023898e-12,1.18353941602211e-19,2.8990571562753e-29,7.20219985297264e-41,1.81471278080982e-54,4.63751114534689e-70,1.20197759852224e-87,3.15967286113588e-107,8.42407461973924e-129,2.27791035698287e-152,6.24719974638119e-178,1.73767476443965e-205,4.90214253723044e-235,1.40261253095648e-266,4.07027575656768e-300,0,0,0,0,0,0,0,0,0,0,0,0,0,0,0,0,0,0,0,0,0,0,0,0,0,0,0
0,0,0,5.06727799490903e-39,2.62619439876891e-284,1.06742950331423e-213,3.44305114861309e-155,0,0,0,3.35378017121966e-58,1.09622328478477e-17,0,3.5248259432411e-77,7.22092876481164e-24,7.21275305468329e-49,0.000175754296651478,2.06955063961263e-11,0.000142139679494688,2.17148971295997e-16,1.04788206267707e-09,1.74269324882797e-111,8.89501060325312e-70,1.26119560152925e-216,0,0.00830247453523443,2.30813445824968e-13,2.67067201220029e-10,1.23286274409475e-66,6.19942367644269e-11,6.77068358384801e-11,0,5.00185964515585e-10,1.17765622152935e-08,7.24794581180273e-11,1.10071683378095e-11,0.00725935954493516,0.00344428590919861,1.57846343154932e-45,3.31002175928993e-33,7.0398192948856e-23,1.51854096764098e-14,3.32220060816362e-08,0.000737156217243045,0.165892805214938,0.378642978924121,0.00876529635760607,2.05796336477101e-06,4.90052956023898e-12,1.18353941602211e-19,2.8990571562753e-29,7.20219985297264e-41,1.81471278080982e-54,4.63751114534689e-70,1.20197759852224e-87,3.15967286113588e-107,8.42407461973924e-129,2.27791035698287e-152,6.24719974638119e-178,1.73767476443965e-205,4.90214253723044e-235,1.40261253095648e-266,4.07027575656768e-300,0,0,0,0,0,0,0,0,0,0,0,0,0,0,0,0,0,0,0,0,0,0,0,0,0,0
0,0,0,2.30876793140392e-41,8.67162107081152e-301,9.34702842328035e-226,4.95796336317369e-164,0,0,0,2.71002042085895e-61,1.22759459286189e-18,0,6.76428989614325e-83,2.48428357419116e-25,2.20573434615487e-52,0.000114155141155299,3.89108859383184e-12,9.51751165325032e-05,1.82688441448234e-17,2.41255954860199e-10,7.87687979386689e-120,5.46425420497366e-75,2.30102043154983e-231,0,0.00610819980188119,1.12246056895787e-14,2.95124764871977e-11,1.18329704416587e-73,1.32899410860141e-12,6.88588787269042e-12,0,4.85053889782334e-11,1.75937904856189e-09,7.94522941851978e-12,9.75569409028453e-13,0.0050797506319556,0.00202173022535784,7.63435832663755e-60,1.57846343154932e-45,3.31002175928993e-33,7.0398192948856e-23,1.51854096764098e-14,3.32220060816362e-08,0.000737156217243045,0.165892805214938,0.378642978924121,0.00876529635760607,2.05796336477101e-06,4.90052956023898e-12,1.18353941602211e-19,2.8990571562753e-29,7.20219985297264e-41,1.81471278080982e-54,4.63751114534689e-70,1.20197759852224e-87,3.15967286113588e-107,8.42407461973924e-129,2.27791035698287e-152,6.24719974638119e-178,1.73767476443965e-205,4.90214253723044e-235,1.40261253095648e-266,4.07027575656768e-300,0,0,0,0,0,0,0,0,0,0,0,0,0,0,0,0,0,0,0,0,0,0,0,0,0
0,0,0,8.9291107267143e-44,9.78814201733219e-318,3.80256378736318e-238,4.04348433934837e-173,0,0,0,1.81133689366725e-64,1.28885384515589e-19,0,8.03422201443383e-89,7.6736255194318e-27,5.04801892757367e-56,7.29134472013432e-05,6.88538585620031e-13,6.2805454097314e-05,1.40690269131377e-18,5.24074483067459e-11,1.76412324568807e-128,2.15226821880108e-80,1.36294231436349e-246,0,0.00432297295691447,4.64188196015621e-16,2.90409442045158e-12,4.97426120150574e-81,2.07377769455786e-14,6.21226759092316e-13,0,4.11664525500731e-12,2.36409591723651e-10,7.78351131742513e-13,7.64198944297543e-14,0.00345726776343516,0.00113725777733037,3.74494026079013e-76,7.63435832663755e-60,1.57846343154932e-45,3.31002175928993e-33,7.0398192948856e-23,1.51854096764098e-14,3.32220060816362e-08,0.000737156217243045,0.165892805214938,0.378642978924121,0.00876529635760607,2.05796336477101e-06,4.90052956023898e-12,1.18353941602211e-19,2.8990571562753e-29,7.20219985297264e-41,1.81471278080982e-54,4.63751114534689e-70,1.20197759852224e-87,3.15967286113588e-107,8.42407461973924e-129,2.27791035698287e-152,6.24719974638119e-178,1.73767476443965e-205,4.90214253723044e-235,1.40261253095648e-266,4.07027575656768e-300,0,0,0,0,0,0,0,0,0,0,0,0,0,0,0,0,0,0,0,0,0,0,0,0
0,0,0,2.93128814668748e-46,0,7.18700647891096e-251,1.8676729592552e-182,0,0,0,1.00141617386748e-67,1.26865967777564e-20,0,5.90612353858157e-95,2.12809671433867e-28,8.64578377511826e-60,4.5797568263737e-05,1.14669402487692e-13,4.08448363300887e-05,9.91783195120952e-20,1.07413118367327e-11,1.95769514139792e-137,5.43554334117034e-86,2.62091808534355e-262,0,0.00294317038408681,1.6324132128118e-17,2.5446953147105e-13,9.15839033947282e-89,2.35542210874262e-16,4.97167970853048e-14,0,3.05767877139933e-13,2.85716658274382e-11,6.81431641212779e-14,5.29078833792092e-15,0.00228860149823507,0.000613064727193109,1.86316615806128e-94,3.74494026079013e-76,7.63435832663755e-60,1.57846343154932e-45,3.31002175928993e-33,7.0398192948856e-23,1.51854096764098e-14,3.32220060816362e-08,0.000737156217243045,0.165892805214938,0.378642978924121,0.00876529635760607,2.05796336477101e-06,4.90052956023898e-12,1.18353941602211e-19,2.8990571562753e-29,7.20219985297264e-41,1.81471278080982e-54,4.63751114534689e-70,1.20197759852224e-87,3.15967286113588e-107,8.42407461973924e-129,2.27791035698287e-152,6.24719974638119e-178,1.73767476443965e-205,4.90214253723044e-235,1.40261253095648e-266,4.07027575656768e-300,0,0,0,0,0,0,0,0,0,0,0,0,0,0,0,0,0,0,0,0,0,0,0
0,0,0,8.16829081331106e-49,0,6.31085422400604e-264,4.88583177889992e-192,0,0,0,4.57950638255023e-71,1.17079096543557e-21,0,2.68718957762662e-101,5.29875021642689e-30,1.10816235217766e-63,2.82878432965933e-05,1.79733453182558e-14,2.61783830185002e-05,6.39984013091219e-21,2.07716488842733e-12,1.07647175459289e-146,8.80178195867119e-92,1.63624522760874e-278,0,0.00192757769634138,4.88179030019045e-19,1.98554999755526e-14,7.38525454821473e-97,1.94734410615162e-18,3.52954651460606e-15,0,1.98762858475802e-14,3.10578095857484e-12,5.33146600982501e-15,3.23742738658982e-16,0.00147351267735344,0.000316712676375859,9.40140190854359e-115,1.86316615806128e-94,3.74494026079013e-76,7.63435832663755e-60,1.57846343154932e-45,3.31002175928993e-33,7.0398192948856e-23,1.51854096764098e-14,3.32220060816362e-08,0.000737156217243045,0.165892805214938,0.378642978924121,0.00876529635760607,2.05796336477101e-06,4.90052956023898e-12,1.18353941602211e-19,2.8990571562753e-29,7.20219985297264e-41,1.81471278080982e-54,4.63751114534689e-70,1.20197759852224e-87,3.15967286113588e-107,8.42407461973924e-129,2.27791035698287e-152,6.24719974638119e-178,1.73767476443965e-205,4.90214253723044e-235,1.40261253095648e-266,4.07027575656768e-300,0,0,0,0,0,0,0,0,0,0,0,0,0,0,0,0,0,0,0,0,0,0
0,0,0,1.9320850820025e-51,0,2.57452340383247e-277,7.23883708022384e-202,0,0,0,1.73225344897759e-74,1.0129927770352e-22,0,7.56712951654543e-108,1.18453216939737e-31,1.06296273617339e-67,1.71822442304467e-05,2.65138252605845e-15,1.65353858092713e-05,3.78025590676776e-22,3.7899541687854e-13,2.93292967973407e-156,9.13859269333622e-98,3.31636490533519e-295,0,0.00121442858810561,1.24148406321187e-20,1.37957667824116e-15,2.60836007481389e-105,1.17188247286116e-20,2.22278499729575e-16,0,1.13076816040871e-15,3.03648315308283e-13,3.72776570911148e-16,1.75083564342829e-17,0.000922750125456885,0.000156796464380773,4.81136151335434e-137,9.40140190854359e-115,1.86316615806128e-94,3.74494026079013e-76,7.63435832663755e-60,1.57846343154932e-45,3.31002175928993e-33,7.0398192948856e-23,1.51854096764098e-14,3.32220060816362e-08,0.000737156217243045,0.165892805214938,0.378642978924121,0.00876529635760607,2.05796336477101e-06,4.90052956023898e-12,1.18353941602211e-19,2.8990571562753e-29,7.20219985297264e-41,1.81471278080982e-54,4.63751114534689e-70,1.20197759852224e-87,3.15967286113588e-107,8.42407461973924e-129,2.27791035698287e-152,6.24719974638119e-178,1.73767476443965e-205,4.90214253723044e-235,1.40261253095648e-266,4.07027575656768e-300,0,0,0,0,0,0,0,0,0,0,0,0,0,0,0,0,0,0,0,0,0
0,0,0,3.87921347189643e-54,0,4.87948653153802e-291,6.07423665404281e-212,0,0,0,5.41992029144859e-78,8.2172423442789e-24,0,1.31886732728771e-114,2.37745112982478e-33,7.6304177364593e-72,1.02631947429814e-05,3.68110294933442e-16,1.02932306539054e-05,2.04396272363954e-23,6.52448566002102e-14,3.95951595667494e-166,6.08371848204487e-104,2.18220326420668e-312,0,0.000736030266689506,2.68482626463324e-22,8.53553681893405e-17,4.03483124562996e-114,5.13325480376624e-23,1.24176319567254e-17,0,5.62998023976056e-17,2.67015037861696e-14,2.32931481187692e-17,8.36866950307879e-19,0.000562031797248024,7.43907243128941e-05,2.49734015104752e-161,4.81136151335434e-137,9.40140190854359e-115,1.86316615806128e-94,3.74494026079013e-76,7.63435832663755e-60,1.57846343154932e-45,3.31002175928993e-33,7.0398192948856e-23,1.51854096764098e-14,3.32220060816362e-08,0.000737156217243045,0.165892805214938,0.378642978924121,0.00876529635760607,2.05796336477101e-06,4.90052956023898e-12,1.18353941602211e-19,2.8990571562753e-29,7.20219985297264e-41,1.81471278080982e-54,4.63751114534689e-70,1.20197759852224e-87,3.15967286113588e-107,8.42407461973924e-129,2.27791035698287e-152,6.24719974638119e-178,1.73767476443965e-205,4.90214253723044e-235,1.40261253095648e-266,4.07027575656768e-300,0,0,0,0,0,0,0,0,0,0,0,0,0,0,0,0,0,0,0,0
0,0,0,6.61124859455352e-57,0,4.29655115321099e-305,2.88673705746536e-222,0,0,0,1.402694400529e-81,6.24940402365064e-25,0,1.42268297041236e-121,4.28417954688022e-35,4.09915382244889e-76,6.02848081243737e-06,4.81000623972354e-17,6.31473215461938e-06,1.01163637545363e-24,1.05976101973953e-14,2.64864638317158e-176,2.59680877445838e-110,0,0,0.00042912416048561,4.93746734615754e-24,4.70257591850011e-18,2.73362515844736e-123,1.63669965442532e-25,6.15379309813403e-19,0,2.45321228858733e-18,2.11186113417074e-15,1.30072468596069e-18,3.5353559715074e-20,0.000332953970325468,3.38230690021911e-05,1.31468512220909e-187,2.49734015104752e-161,4.81136151335434e-137,9.40140190854359e-115,1.86316615806128e-94,3.74494026079013e-76,7.63435832663755e-60,1.57846343154932e-45,3.31002175928993e-33,7.0398192948856e-23,1.51854096764098e-14,3.32220060816362e-08,0.000737156217243045,0.165892805214938,0.378642978924121,0.00876529635760607,2.05796336477101e-06,4.90052956023898e-12,1.18353941602211e-19,2.8990571562753e-29,7.20219985297264e-41,1.81471278080982e-54,4.63751114534689e-70,1.20197759852224e-87,3.15967286113588e-107,8.42407461973924e-129,2.27791035698287e-152,6.24719974638119e-178,1.73767476443965e-205,4.90214253723044e-235,1.40261253095648e-266,4.07027575656768e-300,0,0,0,0,0,0,0,0,0,0,0,0,0,0,0,0,0,0,0
0,0,0,9.56413444207576e-60,0,1.75768794164482e-319,7.7698987578734e-233,0,0,0,3.00276901536109e-85,4.45598654131802e-26,0,9.49843899786232e-129,6.93130572158545e-37,1.64799444430193e-80,3.48221697078959e-06,5.91528152069398e-18,3.81789536026609e-06,4.58327164199185e-26,1.62412308329761e-15,8.77904547004239e-187,7.10709144086047e-117,0,0,0.000240676596794875,7.72156435059779e-26,2.3070699924409e-19,8.11163324151235e-133,3.79850379162617e-28,2.70526476929345e-20,0,9.35531368682203e-20,1.50231079008184e-16,6.49112828073338e-20,1.32000499780075e-21,0.000191846573517458,1.47373344142994e-05,7.01940233353507e-216,1.31468512220909e-187,2.49734015104752e-161,4.81136151335434e-137,9.40140190854359e-115,1.86316615806128e-94,3.74494026079013e-76,7.63435832663755e-60,1.57846343154932e-45,3.31002175928993e-33,7.0398192948856e-23,1.51854096764098e-14,3.32220060816362e-08,0.000737156217243045,0.165892805214938,0.378642978924121,0.00876529635760607,2.05796336477101e-06,4.90052956023898e-12,1.18353941602211e-19,2.8990571562753e-29,7.20219985297264e-41,1.81471278080982e-54,4.63751114534689e-70,1.20197759852224e-87,3.15967286113588e-107,8.42407461973924e-129,2.27791035698287e-152,6.24719974638119e-178,1.73767476443965e-205,4.90214253723044e-235,1.40261253095648e-266,4.07027575656768e-300,0,0,0,0,0,0,0,0,0,0,0,0,0,0,0,0,0,0
0,0,0,1.17443837429502e-62,0,0,1.18444829189343e-243,0,0,0,5.31703460984579e-89,2.97880379662752e-27,0,3.92494363272007e-136,1.00682449397407e-38,4.95830111036432e-85,1.97800053170902e-06,6.84647930244114e-19,2.27488247742266e-06,1.90075636724921e-27,2.34843894662696e-16,1.44182334235427e-197,1.24716785604061e-123,0,0,0.000129851914985855,1.02687921598503e-27,1.00787275350893e-20,1.05422523063351e-142,6.4168744602712e-31,1.05496837966178e-21,0,3.12231372754435e-21,9.612116088505e-18,2.89489366758317e-21,4.35595812901605e-23,0.000107515340149373,6.15370351187322e-06,3.80113121900884e-246,7.01940233353507e-216,1.31468512220909e-187,2.49734015104752e-161,4.81136151335434e-137,9.40140190854359e-115,1.86316615806128e-94,3.74494026079013e-76,7.63435832663755e-60,1.57846343154932e-45,3.31002175928993e-33,7.0398192948856e-23,1.51854096764098e-14,3.32220060816362e-08,0.000737156217243045,0.165892805214938,0.378642978924121,0.00876529635760607,2.05796336477101e-06,4.90052956023898e-12,1.18353941602211e-19,2.8990571562753e-29,7.20219985297264e-41,1.81471278080982e-54,4.63751114534689e-70,1.20197759852224e-87,3.15967286113588e-107,8.42407461973924e-129,2.27791035698287e-152,6.24719974638119e-178,1.73767476443965e-205,4.90214253723044e-235,1.40261253095648e-266,4.07027575656768e-300,0,0,0,0,0,0,0,0,0,0,0,0,0,0,0,0,0
0,0,0,1.22415714101479e-65,0,0,1.02260865799307e-254,0,0,0,7.78763785398944e-93,1.8669500020829e-28,0,1.00381040173227e-143,1.31305771704527e-40,1.11641503804716e-89,1.10489144710903e-06,7.45798118123402e-20,1.33585637446546e-06,7.21567568708474e-29,3.20397373173241e-17,1.17332477680966e-208,1.40326271946408e-130,0,0,6.7394810646908e-05,1.16130539197262e-29,3.92076324778163e-22,6.00087059582735e-153,7.89045280398428e-34,3.64948756853288e-23,0,9.11989177337919e-23,5.5315013153931e-19,1.1537790678439e-22,1.27044980806237e-24,5.860482280235e-05,2.46244137585268e-06,2.08766075648459e-278,3.80113121900884e-246,7.01940233353507e-216,1.31468512220909e-187,2.49734015104752e-161,4.81136151335434e-137,9.40140190854359e-115,1.86316615806128e-94,3.74494026079013e-76,7.63435832663755e-60,1.57846343154932e-45,3.31002175928993e-33,7.0398192948856e-23,1.51854096764098e-14,3.32220060816362e-08,0.000737156217243045,0.165892805214938,0.378642978924121,0.00876529635760607,2.05796336477101e-06,4.90052956023898e-12,1.18353941602211e-19,2.8990571562753e-29,7.20219985297264e-41,1.81471278080982e-54,4.63751114534689e-70,1.20197759852224e-87,3.15967286113588e-107,8.42407461973924e-129,2.27791035698287e-152,6.24719974638119e-178,1.73767476443965e-205,4.90214253723044e-235,1.40261253095648e-266,4.07027575656768e-300,0,0,0,0,0,0,0,0,0,0,0,0,0,0,0,0
0,0,0,1.08309483235096e-68,0,0,5.00029282695166e-266,0,0,0,9.43475672785913e-97,1.09702427240517e-29,0,1.58893832579657e-151,1.53746481856754e-42,1.88119616493221e-94,6.06925592497103e-07,7.64605414653938e-21,7.73083539201766e-07,2.50742096015555e-30,4.12427824122495e-18,4.73114073135253e-220,1.01235804505171e-137,0,0,3.36486897593447e-05,1.11682861072662e-31,1.35817431085029e-23,1.49606641442926e-163,7.06232525646373e-37,1.11992029303774e-24,0,2.33129800659053e-24,2.86306906618999e-20,4.10951253946887e-24,3.27489229821525e-26,3.10701119855625e-05,9.44293356905362e-07,1.16289721846935e-312,2.08766075648459e-278,3.80113121900884e-246,7.01940233353507e-216,1.31468512220909e-187,2.49734015104752e-161,4.81136151335434e-137,9.40140190854359e-115,1.86316615806128e-94,3.74494026079013e-76,7.63435832663755e-60,1.57846343154932e-45,3.31002175928993e-33,7.0398192948856e-23,1.51854096764098e-14,3.32220060816362e-08,0.000737156217243045,0.165892805214938,0.378642978924121,0.00876529635760607,2.05796336477101e-06,4.90052956023898e-12,1.18353941602211e-19,2.8990571562753e-29,7.20219985297264e-41,1.81471278080982e-54,4.63751114534689e-70,1.20197759852224e-87,3.15967286113588e-107,8.42407461973924e-129,2.27791035698287e-152,6.24719974638119e-178,1.73767476443965e-205,4.90214253723044e-235,1.40261253095648e-266,4.07027575656768e-300,0,0,0,0,0,0,0,0,0,0,0,0,0,0,0
0,0,0,8.13426231325883e-72,0,0,1.38475845156651e-277,0,0,0,9.45462622629682e-101,6.04355594234835e-31,0,1.55668044815115e-159,1.61628477970034e-44,2.37223723343771e-99,3.27849044037575e-07,7.37760769233006e-22,4.40919130787213e-07,7.97585396690027e-32,5.00906081572457e-19,9.45267937309396e-232,4.68285124364323e-145,0,0,1.61611946217688e-05,9.13355040188527e-34,4.1894825359554e-25,1.63359065885673e-174,4.60109191277108e-40,3.04863281104311e-26,0,5.21555899029472e-26,1.33286272112534e-21,1.30808383661864e-25,7.46108909815706e-28,1.60213392826257e-05,3.47024127943505e-07,0,1.16289721846935e-312,2.08766075648459e-278,3.80113121900884e-246,7.01940233353507e-216,1.31468512220909e-187,2.49734015104752e-161,4.81136151335434e-137,9.40140190854359e-115,1.86316615806128e-94,3.74494026079013e-76,7.63435832663755e-60,1.57846343154932e-45,3.31002175928993e-33,7.0398192948856e-23,1.51854096764098e-14,3.32220060816362e-08,0.000737156217243045,0.165892805214938,0.378642978924121,0.00876529635760607,2.05796336477101e-06,4.90052956023898e-12,1.18353941602211e-19,2.8990571562753e-29,7.20219985297264e-41,1.81471278080982e-54,4.63751114534689e-70,1.20197759852224e-87,3.15967286113588e-107,8.42407461973924e-129,2.27791035698287e-152,6.24719974638119e-178,1.73767476443965e-205,4.90214253723044e-235,1.40261253095648e-266,4.07027575656768e-300,0,0,0,0,0,0,0,0,0,0,0,0,0,0
0,0,0,5.18551911276484e-75,0,0,2.17192699932278e-289,0,0,0,7.8369435959686e-105,3.12148761983534e-32,0,9.43906511958663e-168,1.52553405200906e-46,2.23870968414722e-104,1.74154629570233e-07,6.69970759596394e-23,2.4783196273351e-07,2.32234549804415e-33,5.74002771894951e-20,9.35805133839304e-244,1.38888938390716e-152,0,0,7.46693489106012e-06,6.35193050974877e-36,1.15076126889556e-26,7.81252401614749e-186,2.18193348766087e-43,7.36183203357202e-28,0,1.02117198795521e-27,5.5808944633974e-23,3.72098966427346e-27,1.50235693156964e-29,8.03528627386339e-06,1.22214887173716e-07,0,0,1.16289721846935e-312,2.08766075648459e-278,3.80113121900884e-246,7.01940233353507e-216,1.31468512220909e-187,2.49734015104752e-161,4.81136151335434e-137,9.40140190854359e-115,1.86316615806128e-94,3.74494026079013e-76,7.63435832663755e-60,1.57846343154932e-45,3.31002175928993e-33,7.0398192948856e-23,1.51854096764098e-14,3.32220060816362e-08,0.000737156217243045,0.165892805214938,0.378642978924121,0.00876529635760607,2.05796336477101e-06,4.90052956023898e-12,1.18353941602211e-19,2.8990571562753e-29,7.20219985297264e-41,1.81471278080982e-54,4.63751114534689e-70,1.20197759852224e-87,3.15967286113588e-107,8.42407461973924e-129,2.27791035698287e-152,6.24719974638119e-178,1.73767476443965e-205,4.90214253723044e-235,1.40261253095648e-266,4.07027575656768e-300,0,0,0,0,0,0,0,0,0,0,0,0,0
0,0,0,2.80600655676584e-78,0,0,1.92934119381149e-301,0,0,0,5.37325902251068e-109,1.51155323680912e-33,0,3.54238349057678e-176,1.29275806340294e-48,1.58107715726905e-109,9.09743073112173e-08,5.72609095261235e-24,1.37284513001844e-07,6.18979353300083e-35,6.20613205307652e-21,4.59047213149958e-256,2.64122881833777e-160,0,0,3.31875253704168e-06,3.75651265974284e-38,2.8146867449656e-28,1.63642175889255e-197,7.53163927785698e-47,1.57699192363683e-29,0,1.7498139961452e-29,2.10177871952468e-24,9.4592992118828e-29,2.67368179134181e-31,3.91967833097537e-06,4.12477490426132e-08,0,0,0,1.16289721846935e-312,2.08766075648459e-278,3.80113121900884e-246,7.01940233353507e-216,1.31468512220909e-187,2.49734015104752e-161,4.81136151335434e-137,9.40140190854359e-115,1.86316615806128e-94,3.74494026079013e-76,7.63435832663755e-60,1.57846343154932e-45,3.31002175928993e-33,7.0398192948856e-23,1.51854096764098e-14,3.32220060816362e-08,0.000737156217243045,0.165892805214938,0.378642978924121,0.00876529635760607,2.05796336477101e-06,4.90052956023898e-12,1.18353941602211e-19,2.8990571562753e-29,7.20219985297264e-41,1.81471278080982e-54,4.63751114534689e-70,1.20197759852224e-87,3.15967286113588e-107,8.42407461973924e-129,2.27791035698287e-152,6.24719974638119e-178,1.73767476443965e-205,4.90214253723044e-235,1.40261253095648e-266,4.07027575656768e-300,0,0,0,0,0,0,0,0,0,0,0,0
0,0,0,1.28886520672958e-81,0,0,9.70656268493746e-314,0,0,0,3.04731627381596e-113,6.86243176086439e-35,0,8.22809409138502e-185,9.83566958411097e-51,8.35649152291608e-115,4.67331572591576e-08,4.60598731813987e-25,7.49465482878776e-08,1.51016774574638e-36,6.33107374447944e-22,1.11575983197138e-268,3.22051605560845e-168,0,0,1.41896269614267e-06,1.88919586041869e-40,6.13048563094252e-30,1.50125643414739e-209,1.89236505907926e-50,2.99664856497134e-31,0,2.62409673344932e-31,7.11926178801191e-26,2.14900327562666e-30,4.20544547078079e-33,1.85971348232818e-06,1.33409912129071e-08,0,0,0,0,1.16289721846935e-312,2.08766075648459e-278,3.80113121900884e-246,7.01940233353507e-216,1.31468512220909e-187,2.49734015104752e-161,4.81136151335434e-137,9.40140190854359e-115,1.86316615806128e-94,3.74494026079013e-76,7.63435832663755e-60,1.57846343154932e-45,3.31002175928993e-33,7.0398192948856e-23,1.51854096764098e-14,3.32220060816362e-08,0.000737156217243045,0.165892805214938,0.378642978924121,0.00876529635760607,2.05796336477101e-06,4.90052956023898e-12,1.18353941602211e-19,2.8990571562753e-29,7.20219985297264e-41,1.81471278080982e-54,4.63751114534689e-70,1.20197759852224e-87,3.15967286113588e-107,8.42407461973924e-129,2.27791035698287e-152,6.24719974638119e-178,1.73767476443965e-205,4.90214253723044e-235,1.40261253095648e-266,4.07027575656768e-300,0,0,0,0,0,0,0,0,0,0,0
0,0,0,5.0251461207649e-85,0,0,0,0,0,0,1.42950600532442e-117,2.9209585270114e-36,0,1.18287813720133e-193,6.71864868399206e-53,3.30529720326042e-120,2.36077240065448e-08,3.48697903431518e-26,4.03225121798653e-08,3.37267049235294e-38,6.09372806448738e-23,1.34377180784628e-281,2.51782755813307e-176,0,0,5.83620700885331e-07,8.07945606686639e-43,1.18899401678303e-31,6.03212418711104e-222,3.46088951026634e-54,5.05132065062395e-33,0,3.44399694059007e-33,2.16894094551035e-27,4.36307629019256e-32,5.84628507336103e-35,8.58199364595291e-07,4.13511550823412e-09,0,0,0,0,0,1.16289721846935e-312,2.08766075648459e-278,3.80113121900884e-246,7.01940233353507e-216,1.31468512220909e-187,2.49734015104752e-161,4.81136151335434e-137,9.40140190854359e-115,1.86316615806128e-94,3.74494026079013e-76,7.63435832663755e-60,1.57846343154932e-45,3.31002175928993e-33,7.0398192948856e-23,1.51854096764098e-14,3.32220060816362e-08,0.000737156217243045,0.165892805214938,0.378642978924121,0.00876529635760607,2.05796336477101e-06,4.90052956023898e-12,1.18353941602211e-19,2.8990571562753e-29,7.20219985297264e-41,1.81471278080982e-54,4.63751114534689e-70,1.20197759852224e-87,3.15967286113588e-107,8.42407461973924e-129,2.27791035698287e-152,6.24719974638119e-178,1.73767476443965e-205,4.90214253723044e-235,1.40261253095648e-266,4.07027575656768e-300,0,0,0,0,0,0,0,0,0,0
0,0,0,1.66307664854459e-88,0,0,0,0,0,0,5.54680803741311e-122,1.16564284721037e-37,0,1.05248966953648e-202,4.12051273428759e-55,9.7839152428452e-126,1.17275082563456e-08,2.48449448416039e-27,2.13800829069255e-08,6.89481044439839e-40,5.53398661894398e-24,8.01902862791454e-295,1.26214011221442e-184,0,0,2.30915985819851e-07,2.93832799028854e-45,2.05345144867132e-33,1.06155236559662e-234,4.60720942121772e-58,7.55330186884506e-35,0,3.95585746575621e-35,5.94326758354824e-29,7.91637122065884e-34,7.18312898630843e-37,3.85191659861486e-07,1.22828428464306e-09,0,0,0,0,0,0,1.16289721846935e-312,2.08766075648459e-278,3.80113121900884e-246,7.01940233353507e-216,1.31468512220909e-187,2.49734015104752e-161,4.81136151335434e-137,9.40140190854359e-115,1.86316615806128e-94,3.74494026079013e-76,7.63435832663755e-60,1.57846343154932e-45,3.31002175928993e-33,7.0398192948856e-23,1.51854096764098e-14,3.32220060816362e-08,0.000737156217243045,0.165892805214938,0.378642978924121,0.00876529635760607,2.05796336477101e-06,4.90052956023898e-12,1.18353941602211e-19,2.8990571562753e-29,7.20219985297264e-41,1.81471278080982e-54,4.63751114534689e-70,1.20197759852224e-87,3.15967286113588e-107,8.42407461973924e-129,2.27791035698287e-152,6.24719974638119e-178,1.73767476443965e-205,4.90214253723044e-235,1.40261253095648e-266,4.07027575656768e-300,0,0,0,0,0,0,0,0,0
0,0,0,4.67195028625693e-92,0,0,0,0,0,0,1.78028276334345e-126,4.36112340460674e-39,0,5.79605849802994e-212,2.26888202796125e-57,2.16735710530924e-131,5.72901562804213e-09,1.66605310417086e-28,1.11721573963771e-08,1.29023982810533e-41,4.74179175455218e-25,2.37115223569507e-308,4.0566751205695e-193,0,0,8.7890293038794e-08,9.08722812347197e-48,3.15797863972025e-35,8.18216676750496e-248,4.46432267959512e-62,1.00191649194184e-36,0,3.97661434522457e-37,1.46476391464592e-30,1.28362187838591e-35,7.80033107617672e-39,1.68155895967124e-07,3.49640592633608e-10,0,0,0,0,0,0,0,1.16289721846935e-312,2.08766075648459e-278,3.80113121900884e-246,7.01940233353507e-216,1.31468512220909e-187,2.49734015104752e-161,4.81136151335434e-137,9.40140190854359e-115,1.86316615806128e-94,3.74494026079013e-76,7.63435832663755e-60,1.57846343154932e-45,3.31002175928993e-33,7.0398192948856e-23,1.51854096764098e-14,3.32220060816362e-08,0.000737156217243045,0.165892805214938,0.378642978924121,0.00876529635760607,2.05796336477101e-06,4.90052956023898e-12,1.18353941602211e-19,2.8990571562753e-29,7.20219985297264e-41,1.81471278080982e-54,4.63751114534689e-70,1.20197759852224e-87,3.15967286113588e-107,8.42407461973924e-129,2.27791035698287e-152,6.24719974638119e-178,1.73767476443965e-205,4.90214253723044e-235,1.40261253095648e-266,4.07027575656768e-300,0,0,0,0,0,0,0,0
0,0,0,1.11405475424548e-95,0,0,0,0,0,0,4.72632450654055e-131,1.52976249510973e-40,0,1.97553514208245e-221,1.1216668781809e-59,3.59305522589909e-137,2.75218040236223e-09,1.05148176565786e-29,5.7534794130983e-09,2.2101322010339e-43,3.83350635060446e-26,3.45845952088873e-322,8.36014789534718e-202,0,0,3.21803992208769e-08,2.38987727149332e-50,4.3246793919913e-37,2.76217371115984e-261,3.14876759182573e-66,1.17893263163375e-38,0,3.49849515143378e-39,3.24694380743845e-32,1.86005456778401e-37,7.48648746630416e-41,7.1399284719919e-08,9.53798209101863e-11,0,0,0,0,0,0,0,0,1.16289721846935e-312,2.08766075648459e-278,3.80113121900884e-246,7.01940233353507e-216,1.31468512220909e-187,2.49734015104752e-161,4.81136151335434e-137,9.40140190854359e-115,1.86316615806128e-94,3.74494026079013e-76,7.63435832663755e-60,1.57846343154932e-45,3.31002175928993e-33,7.0398192948856e-23,1.51854096764098e-14,3.32220060816362e-08,0.000737156217243045,0.165892805214938,0.378642978924121,0.00876529635760607,2.05796336477101e-06,4.90052956023898e-12,1.18353941602211e-19,2.8990571562753e-29,7.20219985297264e-41,1.81471278080982e-54,4.63751114534689e-70,1.20197759852224e-87,3.15967286113588e-107,8.42407461973924e-129,2.27791035698287e-152,6.24719974638119e-178,1.73767476443965e-205,4.90214253723044e-235,1.40261253095648e-266,4.07027575656768e-300,0,0,0,0,0,0,0
0,0,0,2.25495165924609e-99,0,0,0,0,0,0,1.03787914461198e-135,5.03086198322569e-42,0,4.16748303413868e-231,4.97859963270255e-62,4.45772155515369e-143,1.30015886212783e-09,6.24563721070699e-31,2.920047652152e-09,3.46549882286302e-45,2.92414722319338e-27,0,1.10468578312688e-210,0,0,1.13345829312899e-08,5.34481622778476e-53,5.27373890656323e-39,4.08403452009298e-275,1.61656451374393e-70,1.23057824134853e-40,0,2.69366782983719e-41,6.47361257887184e-34,2.408750814978e-39,6.35051376803624e-43,2.94864276678097e-08,2.49346260939587e-11,0,0,0,0,0,0,0,0,0,1.16289721846935e-312,2.08766075648459e-278,3.80113121900884e-246,7.01940233353507e-216,1.31468512220909e-187,2.49734015104752e-161,4.81136151335434e-137,9.40140190854359e-115,1.86316615806128e-94,3.74494026079013e-76,7.63435832663755e-60,1.57846343154932e-45,3.31002175928993e-33,7.0398192948856e-23,1.51854096764098e-14,3.32220060816362e-08,0.000737156217243045,0.165892805214938,0.378642978924121,0.00876529635760607,2.05796336477101e-06,4.90052956023898e-12,1.18353941602211e-19,2.8990571562753e-29,7.20219985297264e-41,1.81471278080982e-54,4.63751114534689e-70,1.20197759852224e-87,3.15967286113588e-107,8.42407461973924e-129,2.27791035698287e-152,6.24719974638119e-178,1.73767476443965e-205,4.90214253723044e-235,1.40261253095648e-266,4.07027575656768e-300,0,0,0,0,0,0
0,0,0,3.8742738219831e-103,0,0,0,0,0,0,1.88520564950173e-140,1.5511491435579e-43,0,5.44126657016567e-241,1.9840007685046e-64,4.13883019555737e-149,6.04002275241075e-10,3.49151461582718e-32,1.46054577040938e-09,4.97408215843615e-47,2.10451303135853e-28,0,9.35932744801461e-220,0,0,3.84046015017285e-09,1.01648966099093e-55,5.72668522689585e-41,2.64474361357521e-289,6.04105626076829e-75,1.13944208139252e-42,0,1.815105047644e-43,1.1608695756014e-35,2.78763352638573e-41,4.76107821879635e-45,1.18439617702999e-08,6.24684773424192e-12,0,0,0,0,0,0,0,0,0,0,1.16289721846935e-312,2.08766075648459e-278,3.80113121900884e-246,7.01940233353507e-216,1.31468512220909e-187,2.49734015104752e-161,4.81136151335434e-137,9.40140190854359e-115,1.86316615806128e-94,3.74494026079013e-76,7.63435832663755e-60,1.57846343154932e-45,3.31002175928993e-33,7.0398192948856e-23,1.51854096764098e-14,3.32220060816362e-08,0.000737156217243045,0.165892805214938,0.378642978924121,0.00876529635760607,2.05796336477101e-06,4.90052956023898e-12,1.18353941602211e-19,2.8990571562753e-29,7.20219985297264e-41,1.81471278080982e-54,4.63751114534689e-70,1.20197759852224e-87,3.15967286113588e-107,8.42407461973924e-129,2.27791035698287e-152,6.24719974638119e-178,1.73767476443965e-205,4.90214253723044e-235,1.40261253095648e-266,4.07027575656768e-300,0,0,0,0,0
0,0,0,5.65022528587867e-107,0,0,0,0,0,0,2.83243125949275e-145,4.48391604297531e-45,0,4.39706865107854e-251,7.09851976073593e-67,2.8757948842211e-155,2.75932820437305e-10,1.83701658561253e-33,7.19956507276852e-10,6.53521452468965e-49,1.42906947120159e-29,0,5.08430495529105e-229,0,0,1.25177012851849e-09,1.64394076161575e-58,5.53742655742137e-43,7.50124768925028e-304,1.64323669550851e-79,9.35918554357266e-45,0,1.07042058217882e-45,1.87234099132727e-37,2.88308268948883e-43,3.15476827980184e-47,4.62720106407235e-09,1.49979079177967e-12,0,0,0,0,0,0,0,0,0,0,0,1.16289721846935e-312,2.08766075648459e-278,3.80113121900884e-246,7.01940233353507e-216,1.31468512220909e-187,2.49734015104752e-161,4.81136151335434e-137,9.40140190854359e-115,1.86316615806128e-94,3.74494026079013e-76,7.63435832663755e-60,1.57846343154932e-45,3.31002175928993e-33,7.0398192948856e-23,1.51854096764098e-14,3.32220060816362e-08,0.000737156217243045,0.165892805214938,0.378642978924121,0.00876529635760607,2.05796336477101e-06,4.90052956023898e-12,1.18353941602211e-19,2.8990571562753e-29,7.20219985297264e-41,1.81471278080982e-54,4.63751114534689e-70,1.20197759852224e-87,3.15967286113588e-107,8.42407461973924e-129,2.27791035698287e-152,6.24719974638119e-178,1.73767476443965e-205,4.90214253723044e-235,1.40261253095648e-266,4.07027575656768e-300,0,0,0,0
0,0,0,6.99461142442447e-111,0,0,0,0,0,0,3.52004911933071e-150,1.21521787093798e-46,0,2.19919414792407e-261,2.28026374141408e-69,1.49538779310351e-161,1.23962628684219e-10,9.09650144465855e-35,3.49754417752127e-10,7.85970846634164e-51,9.15597085167315e-31,0,1.77092273645086e-238,0,0,3.9249082223736e-10,2.26090530153437e-61,4.76796024465309e-45,9.31837451995341e-319,3.25352968890008e-84,6.81940744552231e-47,0,5.52461603409963e-48,2.71613438556843e-39,2.66474792694336e-45,1.84754620734693e-49,1.75827290193013e-09,3.45073928423326e-13,0,0,0,0,0,0,0,0,0,0,0,0,1.16289721846935e-312,2.08766075648459e-278,3.80113121900884e-246,7.01940233353507e-216,1.31468512220909e-187,2.49734015104752e-161,4.81136151335434e-137,9.40140190854359e-115,1.86316615806128e-94,3.74494026079013e-76,7.63435832663755e-60,1.57846343154932e-45,3.31002175928993e-33,7.0398192948856e-23,1.51854096764098e-14,3.32220060816362e-08,0.000737156217243045,0.165892805214938,0.378642978924121,0.00876529635760607,2.05796336477101e-06,4.90052956023898e-12,1.18353941602211e-19,2.8990571562753e-29,7.20219985297264e-41,1.81471278080982e-54,4.63751114534689e-70,1.20197759852224e-87,3.15967286113588e-107,8.42407461973924e-129,2.27791035698287e-152,6.24719974638119e-178,1.73767476443965e-205,4.90214253723044e-235,1.40261253095648e-266,4.07027575656768e-300,0,0,0
0,0,0,7.34994006560128e-115,0,0,0,0,0,0,3.61848492431479e-155,3.08776033127328e-48,0,6.80770890811523e-272,6.57648287847695e-72,5.81922811519027e-168,5.4764714197634e-11,4.23933572286514e-36,1.67450332220072e-10,8.65272142413763e-53,5.53483653074331e-32,0,3.95502022418773e-248,0,0,1.18385368430727e-10,2.64418349751712e-64,3.65575642015857e-47,0,4.6889632455165e-89,4.40776062945154e-49,0,2.49542607992118e-50,3.54390730399843e-41,2.20106456693586e-47,9.56288310124669e-52,6.49831459075926e-10,7.60860986020139e-14,0,0,0,0,0,0,0,0,0,0,0,0,0,1.16289721846935e-312,2.08766075648459e-278,3.80113121900884e-246,7.01940233353507e-216,1.31468512220909e-187,2.49734015104752e-161,4.81136151335434e-137,9.40140190854359e-115,1.86316615806128e-94,3.74494026079013e-76,7.63435832663755e-60,1.57846343154932e-45,3.31002175928993e-33,7.0398192948856e-23,1.51854096764098e-14,3.32220060816362e-08,0.000737156217243045,0.165892805214938,0.378642978924121,0.00876529635760607,2.05796336477101e-06,4.90052956023898e-12,1.18353941602211e-19,2.8990571562753e-29,7.20219985297264e-41,1.81471278080982e-54,4.63751114534689e-70,1.20197759852224e-87,3.15967286113588e-107,8.42407461973924e-129,2.27791035698287e-152,6.24719974638119e-178,1.73767476443965e-205,4.90214253723044e-235,1.40261253095648e-266,4.07027575656768e-300,0,0
0,0,0,6.55581030715326e-119,0,0,0,0,0,0,3.07675921661378e-160,7.35573000435065e-50,0,1.30429390548615e-282,1.70291759328534e-74,1.69469894558284e-174,2.37921399336843e-11,1.85944497456168e-37,7.90086562632019e-11,8.71964293807126e-55,3.15685426582911e-33,0,5.66342138116461e-258,0,0,3.4350270077352e-11,2.62974609358732e-67,2.49598434199642e-49,0,4.91888068303665e-94,2.527272915777e-51,0,9.8646636381893e-53,4.15889777736586e-43,1.62475187572749e-49,4.37469801719843e-54,2.33594019122168e-10,1.60771915453991e-14,0,0,0,0,0,0,0,0,0,0,0,0,0,0,1.16289721846935e-312,2.08766075648459e-278,3.80113121900884e-246,7.01940233353507e-216,1.31468512220909e-187,2.49734015104752e-161,4.81136151335434e-137,9.40140190854359e-115,1.86316615806128e-94,3.74494026079013e-76,7.63435832663755e-60,1.57846343154932e-45,3.31002175928993e-33,7.0398192948856e-23,1.51854096764098e-14,3.32220060816362e-08,0.000737156217243045,0.165892805214938,0.378642978924121,0.00876529635760607,2.05796336477101e-06,4.90052956023898e-12,1.18353941602211e-19,2.8990571562753e-29,7.20219985297264e-41,1.81471278080982e-54,4.63751114534689e-70,1.20197759852224e-87,3.15967286113588e-107,8.42407461973924e-129,2.27791035698287e-152,6.24719974638119e-178,1.73767476443965e-205,4.90214253723044e-235,1.40261253095648e-266,4.07027575656768e-300,0
0,0,0,4.96353782786957e-123,0,0,0,0,0,0,2.16395861969472e-165,1.64286068515369e-51,0,1.54663215078195e-293,3.95899448845184e-77,3.69347669411789e-181,1.01645654563666e-11,7.67592908621015e-39,3.6739157686267e-11,8.04348721920934e-57,1.69884441058776e-34,0,5.19984162352466e-268,0,0,9.58795272058612e-12,2.22407309718538e-70,1.51749210826996e-51,0,3.75597897554557e-99,1.28543187397768e-53,0,3.41283125111088e-55,4.38974133161604e-45,1.07181276862343e-51,1.76877668982262e-56,8.16712576616354e-11,3.25556790887665e-15,0,0,0,0,0,0,0,0,0,0,0,0,0,0,0,1.16289721846935e-312,2.08766075648459e-278,3.80113121900884e-246,7.01940233353507e-216,1.31468512220909e-187,2.49734015104752e-161,4.81136151335434e-137,9.40140190854359e-115,1.86316615806128e-94,3.74494026079013e-76,7.63435832663755e-60,1.57846343154932e-45,3.31002175928993e-33,7.0398192948856e-23,1.51854096764098e-14,3.32220060816362e-08,0.000737156217243045,0.165892805214938,0.378642978924121,0.00876529635760607,2.05796336477101e-06,4.90052956023898e-12,1.18353941602211e-19,2.8990571562753e-29,7.20219985297264e-41,1.81471278080982e-54,4.63751114534689e-70,1.20197759852224e-87,3.15967286113588e-107,8.42407461973924e-129,2.27791035698287e-152,6.24719974638119e-178,1.73767476443965e-205,4.90214253723044e-235,1.40261253095648e-266,4.07027575656768e-300
0,0,0,3.18991175961263e-127,0,0,0,0,0,0,1.25890538726709e-170,3.4400793015576e-53,0,1.13510407848006e-304,8.26356577521416e-80,6.02412247933702e-188,4.27038233399977e-12,2.98222687147704e-40,1.68364130532473e-11,6.79187596416342e-59,8.6258522573156e-36,0,3.06113461798617e-278,0,0,2.57445445694119e-12,1.59954810251498e-73,8.21544334937362e-54,0,2.08760064426797e-104,5.79974321902168e-56,0,1.03333778520021e-57,4.16739250113998e-47,6.31870996189754e-54,6.32067743630224e-59,2.77730326841127e-11,6.3176423202699e-16,0,0,0,0,0,0,0,0,0,0,0,0,0,0,0,0,1.16289721846935e-312,2.08766075648459e-278,3.80113121900884e-246,7.01940233353507e-216,1.31468512220909e-187,2.49734015104752e-161,4.81136151335434e-137,9.40140190854359e-115,1.86316615806128e-94,3.74494026079013e-76,7.63435832663755e-60,1.57846343154932e-45,3.31002175928993e-33,7.0398192948856e-23,1.51854096764098e-14,3.32220060816362e-08,0.000737156217243045,0.165892805214938,0.378642978924121,0.00876529635760607,2.05796336477101e-06,4.90052956023898e-12,1.18353941602211e-19,2.8990571562753e-29,7.20219985297264e-41,1.81471278080982e-54,4.63751114534689e-70,1.20197759852224e-87,3.15967286113588e-107,8.42407461973924e-129,2.27791035698287e-152,6.24719974638119e-178,1.73767476443965e-205,4.90214253723044e-235,1.40261253095648e-266
0,0,0,1.74015678605941e-131,0,0,0,0,0,0,6.05795344086195e-176,6.75350043312887e-55,0,5.15610099663997e-316,1.54860766928487e-82,7.35305559765736e-195,1.76427928201439e-12,1.09046694837295e-41,7.60388965801708e-12,5.24970393315886e-61,4.13237535195522e-37,0,1.15546239038552e-288,0,0,6.64979328111152e-13,9.78269611634759e-77,3.96055044081318e-56,0,8.44576701668126e-110,2.32129986804472e-58,0,2.73819748423595e-60,3.55839924879243e-49,3.32901330276039e-56,1.9962730478696e-61,9.18594635071757e-12,1.17488406146036e-16,0,0,0,0,0,0,0,0,0,0,0,0,0,0,0,0,0,1.16289721846935e-312,2.08766075648459e-278,3.80113121900884e-246,7.01940233353507e-216,1.31468512220909e-187,2.49734015104752e-161,4.81136151335434e-137,9.40140190854359e-115,1.86316615806128e-94,3.74494026079013e-76,7.63435832663755e-60,1.57846343154932e-45,3.31002175928993e-33,7.0398192948856e-23,1.51854096764098e-14,3.32220060816362e-08,0.000737156217243045,0.165892805214938,0.378642978924121,0.00876529635760607,2.05796336477101e-06,4.90052956023898e-12,1.18353941602211e-19,2.8990571562753e-29,7.20219985297264e-41,1.81471278080982e-54,4.63751114534689e-70,1.20197759852224e-87,3.15967286113588e-107,8.42407461973924e-129,2.27791035698287e-152,6.24719974638119e-178,1.73767476443965e-205,4.90214253723044e-235
0,0,0,8.05787387872784e-136,0,0,0,0,0,0,2.41127902945433e-181,1.24303160334557e-56,0,0,2.60559342389086e-85,6.71672446336706e-202,7.16787693095762e-13,3.75272237768982e-43,3.38444840380629e-12,3.71432217957582e-63,1.86787086097956e-38,0,2.79647069031996e-299,0,0,1.65232197217222e-13,5.08783280448266e-80,1.70020023422656e-58,0,2.48712822803547e-115,8.2416944076363e-61,0,6.35012370531773e-63,2.7328118601191e-51,1.56740148954637e-58,5.57239576591145e-64,2.95509224082818e-12,2.09385543050233e-17,0,0,0,0,0,0,0,0,0,0,0,0,0,0,0,0,0,0,1.16289721846935e-312,2.08766075648459e-278,3.80113121900884e-246,7.01940233353507e-216,1.31468512220909e-187,2.49734015104752e-161,4.81136151335434e-137,9.40140190854359e-115,1.86316615806128e-94,3.74494026079013e-76,7.63435832663755e-60,1.57846343154932e-45,3.31002175928993e-33,7.0398192948856e-23,1.51854096764098e-14,3.32220060816362e-08,0.000737156217243045,0.165892805214938,0.378642978924121,0.00876529635760607,2.05796336477101e-06,4.90052956023898e-12,1.18353941602211e-19,2.8990571562753e-29,7.20219985297264e-41,1.81471278080982e-54,4.63751114534689e-70,1.20197759852224e-87,3.15967286113588e-107,8.42407461973924e-129,2.27791035698287e-152,6.24719974638119e-178,1.73767476443965e-205
0,0,0,3.16719591002898e-140,0,0,0,0,0,0,7.93885200527956e-187,2.1450043110994e-58,0,0,3.93607368048261e-88,4.59158726165059e-209,2.86375840898792e-13,1.21546503348911e-44,1.48458766066353e-12,2.40560339093943e-65,7.96605442448798e-40,0,4.33956104811579e-310,0,0,3.94952450788831e-14,2.25019476103665e-83,6.49926992108898e-61,0,5.3311961457419e-121,2.59576007140736e-63,0,1.2888268233577e-65,1.8876852645299e-53,6.59511836989332e-61,1.37476877120066e-66,9.24623050516844e-13,3.57610346713007e-18,0,0,0,0,0,0,0,0,0,0,0,0,0,0,0,0,0,0,0,1.16289721846935e-312,2.08766075648459e-278,3.80113121900884e-246,7.01940233353507e-216,1.31468512220909e-187,2.49734015104752e-161,4.81136151335434e-137,9.40140190854359e-115,1.86316615806128e-94,3.74494026079013e-76,7.63435832663755e-60,1.57846343154932e-45,3.31002175928993e-33,7.0398192948856e-23,1.51854096764098e-14,3.32220060816362e-08,0.000737156217243045,0.165892805214938,0.378642978924121,0.00876529635760607,2.05796336477101e-06,4.90052956023898e-12,1.18353941602211e-19,2.8990571562753e-29,7.20219985297264e-41,1.81471278080982e-54,4.63751114534689e-70,1.20197759852224e-87,3.15967286113588e-107,8.42407461973924e-129,2.27791035698287e-152,6.24719974638119e-178
0,0,0,1.05670014382714e-144,0,0,0,0,0,0,2.1620047392359e-192,3.47029926937186e-60,0,0,5.33840004953484e-91,2.34900411912185e-216,1.12513554822493e-13,3.70510572125029e-46,6.41785133588971e-13,1.42615975906506e-67,3.20545016102421e-41,0,4.31813374465249e-321,0,0,9.08152013038518e-15,8.4629231515767e-87,2.21232565591958e-63,0,8.3179930135992e-127,7.25229343602825e-66,0,2.28929578272828e-68,1.17277373071892e-55,2.47994785571979e-63,2.99766472557917e-69,2.8138758231497e-13,5.85308945039716e-19,0,0,0,0,0,0,0,0,0,0,0,0,0,0,0,0,0,0,0,0,1.16289721846935e-312,2.08766075648459e-278,3.80113121900884e-246,7.01940233353507e-216,1.31468512220909e-187,2.49734015104752e-161,4.81136151335434e-137,9.40140190854359e-115,1.86316615806128e-94,3.74494026079013e-76,7.63435832663755e-60,1.57846343154932e-45,3.31002175928993e-33,7.0398192948856e-23,1.51854096764098e-14,3.32220060816362e-08,0.000737156217243045,0.165892805214938,0.378642978924121,0.00876529635760607,2.05796336477101e-06,4.90052956023898e-12,1.18353941602211e-19,2.8990571562753e-29,7.20219985297264e-41,1.81471278080982e-54,4.63751114534689e-70,1.20197759852224e-87,3.15967286113588e-107,8.42407461973924e-129,2.27791035698287e-152
0,0,0,2.99261591631404e-149,0,0,0,0,0,0,4.8701717377069e-198,5.2637887159273e-62,0,0,6.50055352423073e-94,8.99332608881805e-224,4.34706312324758e-14,1.06296959478015e-47,2.7342568981043e-13,7.73948431006135e-70,1.21698191888458e-42,0,0,0,0,2.00879624843957e-15,2.70665994018552e-90,6.70584509492597e-66,0,9.44669396453621e-133,1.79741750788271e-68,0,3.55880516364239e-71,6.55335455756036e-58,8.33374329799525e-66,5.77699712123843e-72,8.32897728259171e-14,9.18061868546234e-20,0,0,0,0,0,0,0,0,0,0,0,0,0,0,0,0,0,0,0,0,0,1.16289721846935e-312,2.08766075648459e-278,3.80113121900884e-246,7.01940233353507e-216,1.31468512220909e-187,2.49734015104752e-161,4.81136151335434e-137,9.40140190854359e-115,1.86316615806128e-94,3.74494026079013e-76,7.63435832663755e-60,1.57846343154932e-45,3.31002175928993e-33,7.0398192948856e-23,1.51854096764098e-14,3.32220060816362e-08,0.000737156217243045,0.165892805214938,0.378642978924121,0.00876529635760607,2.05796336477101e-06,4.90052956023898e-12,1.18353941602211e-19,2.8990571562753e-29,7.20219985297264e-41,1.81471278080982e-54,4.63751114534689e-70,1.20197759852224e-87,3.15967286113588e-107,8.42407461973924e-129
0,0,0,7.19403543338509e-154,0,0,0,0,0,0,9.07445621309598e-204,7.48553299807882e-64,0,0,7.10691117510549e-97,2.57675145328048e-231,1.65161827012023e-14,2.87014066593666e-49,1.1480342304832e-13,3.8446389849342e-72,4.35941847446652e-44,0,0,0,0,4.27441641633115e-16,7.36139298854451e-94,1.80999742757904e-68,0,7.80923597206433e-139,3.9517125590246e-71,0,4.84174014836982e-74,3.29365338339647e-60,2.50273751449067e-68,9.83981513543114e-75,2.39786630274082e-14,1.37997252627207e-20,0,0,0,0,0,0,0,0,0,0,0,0,0,0,0,0,0,0,0,0,0,0,1.16289721846935e-312,2.08766075648459e-278,3.80113121900884e-246,7.01940233353507e-216,1.31468512220909e-187,2.49734015104752e-161,4.81136151335434e-137,9.40140190854359e-115,1.86316615806128e-94,3.74494026079013e-76,7.63435832663755e-60,1.57846343154932e-45,3.31002175928993e-33,7.0398192948856e-23,1.51854096764098e-14,3.32220060816362e-08,0.000737156217243045,0.165892805214938,0.378642978924121,0.00876529635760607,2.05796336477101e-06,4.90052956023898e-12,1.18353941602211e-19,2.8990571562753e-29,7.20219985297264e-41,1.81471278080982e-54,4.63751114534689e-70,1.20197759852224e-87,3.15967286113588e-107
0,0,0,1.46796783568814e-158,0,0,0,0,0,0,1.39857461581974e-209,9.98021207913729e-66,0,0,6.97594042068738e-100,5.5251025721061e-239,6.1708649458273e-15,7.29369543653398e-51,4.75046601850328e-14,1.74823093925492e-74,1.47340565482713e-45,0,0,0,0,8.74946244626191e-17,1.70254782865108e-97,4.35033175817126e-71,0,4.69899141035239e-145,7.70698487162997e-74,0,5.76492557302978e-77,1.48887045801265e-62,6.71688794295688e-71,1.48128089608007e-77,6.71436257104818e-15,1.98783637508256e-21,0,0,0,0,0,0,0,0,0,0,0,0,0,0,0,0,0,0,0,0,0,0,0,1.16289721846935e-312,2.08766075648459e-278,3.80113121900884e-246,7.01940233353507e-216,1.31468512220909e-187,2.49734015104752e-161,4.81136151335434e-137,9.40140190854359e-115,1.86316615806128e-94,3.74494026079013e-76,7.63435832663755e-60,1.57846343154932e-45,3.31002175928993e-33,7.0398192948856e-23,1.51854096764098e-14,3.32220060816362e-08,0.000737156217243045,0.165892805214938,0.378642978924121,0.00876529635760607,2.05796336477101e-06,4.90052956023898e-12,1.18353941602211e-19,2.8990571562753e-29,7.20219985297264e-41,1.81471278080982e-54,4.63751114534689e-70,1.20197759852224e-87
0,0,0,2.54262834183548e-163,0,0,0,0,0,0,1.78295085485465e-215,1.24752590220005e-67,0,0,6.14774668564454e-103,8.86591956278982e-247,2.26727937003974e-15,1.74443250020989e-52,1.93724010604026e-14,7.27682169651503e-77,4.69856719083494e-47,0,0,0,0,1.7228581258428e-17,3.3485103761149e-101,9.31079526797774e-74,0,2.05810800202248e-151,1.33335700072332e-76,0,6.00732175711602e-80,6.0534188453153e-65,1.61101104413265e-73,1.9708501233275e-80,1.82865236185892e-15,2.74411639929534e-22,0,0,0,0,0,0,0,0,0,0,0,0,0,0,0,0,0,0,0,0,0,0,0,0,1.16289721846935e-312,2.08766075648459e-278,3.80113121900884e-246,7.01940233353507e-216,1.31468512220909e-187,2.49734015104752e-161,4.81136151335434e-137,9.40140190854359e-115,1.86316615806128e-94,3.74494026079013e-76,7.63435832663755e-60,1.57846343154932e-45,3.31002175928993e-33,7.0398192948856e-23,1.51854096764098e-14,3.32220060816362e-08,0.000737156217243045,0.165892805214938,0.378642978924121,0.00876529635760607,2.05796336477101e-06,4.90052956023898e-12,1.18353941602211e-19,2.8990571562753e-29,7.20219985297264e-41,1.81471278080982e-54,4.63751114534689e-70
0,0,0,3.73827807441082e-168,0,0,0,0,0,0,1.88010369204307e-221,1.46201602716393e-69,0,0,4.86430157399019e-106,1.06468921554321e-254,8.19193811150016e-16,3.9266556443353e-54,7.78567990744664e-15,2.77258175133531e-79,1.41370205302622e-48,0,0,0,0,3.26348229965478e-18,5.60037343522487e-105,1.7744801932544e-76,0,6.56143870829541e-158,2.04630876388491e-79,0,5.47851738842853e-83,2.21365189800563e-67,3.45307926248704e-76,2.31758392756713e-83,4.84399906762448e-16,3.63024660204708e-23,0,0,0,0,0,0,0,0,0,0,0,0,0,0,0,0,0,0,0,0,0,0,0,0,0,1.16289721846935e-312,2.08766075648459e-278,3.80113121900884e-246,7.01940233353507e-216,1.31468512220909e-187,2.49734015104752e-161,4.81136151335434e-137,9.40140190854359e-115,1.86316615806128e-94,3.74494026079013e-76,7.63435832663755e-60,1.57846343154932e-45,3.31002175928993e-33,7.0398192948856e-23,1.51854096764098e-14,3.32220060816362e-08,0.000737156217243045,0.165892805214938,0.378642978924121,0.00876529635760607,2.05796336477101e-06,4.90052956023898e-12,1.18353941602211e-19,2.8990571562753e-29,7.20219985297264e-41,1.81471278080982e-54
0,0,0,4.66533355498824e-173,0,0,0,0,0,0,1.63988325353573e-227,1.60637692123986e-71,0,0,3.45554335650749e-109,9.56836094469812e-263,2.91065626529922e-16,8.31866368170203e-56,3.08372395905509e-15,9.6700046421276e-82,4.01328196171798e-50,0,0,0,0,5.9467079363045e-19,7.96517523443587e-109,3.01144901272687e-79,0,1.52264056779448e-164,2.78585599090483e-82,0,4.37260409119383e-86,7.28086072691486e-70,6.61442645518953e-79,2.40870179539179e-86,1.24802558325079e-16,4.60236892304117e-24,0,0,0,0,0,0,0,0,0,0,0,0,0,0,0,0,0,0,0,0,0,0,0,0,0,0,1.16289721846935e-312,2.08766075648459e-278,3.80113121900884e-246,7.01940233353507e-216,1.31468512220909e-187,2.49734015104752e-161,4.81136151335434e-137,9.40140190854359e-115,1.86316615806128e-94,3.74494026079013e-76,7.63435832663755e-60,1.57846343154932e-45,3.31002175928993e-33,7.0398192948856e-23,1.51854096764098e-14,3.32220060816362e-08,0.000737156217243045,0.165892805214938,0.378642978924121,0.00876529635760607,2.05796336477101e-06,4.90052956023898e-12,1.18353941602211e-19,2.8990571562753e-29,7.20219985297264e-41
0,0,0,4.94215283993712e-178,0,0,0,0,0,0,1.18313079455168e-233,1.65476199926472e-73,0,0,2.20395908004776e-112,6.4352862680061e-271,1.01699263908445e-16,1.65861816955378e-57,1.2037056605874e-15,3.08722796744814e-84,1.07495626447418e-51,0,0,0,0,1.04240277507786e-19,9.63355747028416e-113,4.55092682255758e-82,0,2.5719535554076e-171,3.36441019947192e-85,0,3.05430378869724e-89,2.15387706196125e-72,1.13228421158672e-81,2.21256631781903e-89,3.12744342932509e-17,5.59163007329487e-25,0,0,0,0,0,0,0,0,0,0,0,0,0,0,0,0,0,0,0,0,0,0,0,0,0,0,0,1.16289721846935e-312,2.08766075648459e-278,3.80113121900884e-246,7.01940233353507e-216,1.31468512220909e-187,2.49734015104752e-161,4.81136151335434e-137,9.40140190854359e-115,1.86316615806128e-94,3.74494026079013e-76,7.63435832663755e-60,1.57846343154932e-45,3.31002175928993e-33,7.0398192948856e-23,1.51854096764098e-14,3.32220060816362e-08,0.000737156217243045,0.165892805214938,0.378642978924121,0.00876529635760607,2.05796336477101e-06,4.90052956023898e-12,1.18353941602211e-19,2.8990571562753e-29
0,0,0,4.44397923390006e-183,0,0,0,0,0,0,7.06059473656616e-240,1.59814574367793e-75,0,0,1.26206590314594e-115,3.23902140821544e-279,3.49435746451713e-17,3.11244276049591e-59,4.63053283403756e-16,9.02215766845591e-87,2.71663476632065e-53,0,0,0,0,1.75775406225564e-20,9.90811549520526e-117,6.12412673332931e-85,0,3.16225037023952e-178,3.60430885513574e-88,0,1.86715024813518e-92,5.73091399156307e-75,1.73219318764423e-84,1.7962850346653e-92,7.62257971709577e-18,6.51039198719934e-26,0,0,0,0,0,0,0,0,0,0,0,0,0,0,0,0,0,0,0,0,0,0,0,0,0,0,0,0,1.16289721846935e-312,2.08766075648459e-278,3.80113121900884e-246,7.01940233353507e-216,1.31468512220909e-187,2.49734015104752e-161,4.81136151335434e-137,9.40140190854359e-115,1.86316615806128e-94,3.74494026079013e-76,7.63435832663755e-60,1.57846343154932e-45,3.31002175928993e-33,7.0398192948856e-23,1.51854096764098e-14,3.32220060816362e-08,0.000737156217243045,0.165892805214938,0.378642978924121,0.00876529635760607,2.05796336477101e-06,4.90052956023898e-12,1.18353941602211e-19
0,0,0,3.39195627984974e-188,0,0,0,0,0,0,3.48528670572446e-246,1.4470714875885e-77,0,0,6.48861291727759e-119,1.2200437164268e-287,1.18069978015843e-17,5.49690751900014e-61,1.75552690808969e-16,2.41352510250591e-89,6.47770328651719e-55,0,0,0,0,2.8513088594756e-21,8.66579553985511e-121,7.33851972830708e-88,0,2.83006745726507e-185,3.42529386326628e-91,0,9.9894427950306e-96,1.37148689506099e-77,2.36818058295222e-87,1.28890201027406e-95,1.80701195018169e-18,7.26419588145671e-27,0,0,0,0,0,0,0,0,0,0,0,0,0,0,0,0,0,0,0,0,0,0,0,0,0,0,0,0,0,1.16289721846935e-312,2.08766075648459e-278,3.80113121900884e-246,7.01940233353507e-216,1.31468512220909e-187,2.49734015104752e-161,4.81136151335434e-137,9.40140190854359e-115,1.86316615806128e-94,3.74494026079013e-76,7.63435832663755e-60,1.57846343154932e-45,3.31002175928993e-33,7.0398192948856e-23,1.51854096764098e-14,3.32220060816362e-08,0.000737156217243045,0.165892805214938,0.378642978924121,0.00876529635760607,2.05796336477101e-06,4.90052956023898e-12
0,0,0,2.19761113570849e-193,0,0,0,0,0,0,1.42306400473237e-252,1.22844679326897e-79,0,0,2.99511171756154e-122,3.43916167934495e-296,3.92314415086782e-18,9.1368730326942e-63,6.55918485240586e-17,5.91007406014464e-92,1.45733765151648e-56,0,0,0,0,4.44932385959516e-22,6.44523602436076e-125,7.83055856764901e-91,0,1.84359163058575e-192,2.88759614836311e-94,0,4.67733227962619e-99,2.95205351113011e-80,2.89341627944341e-90,8.17391740306612e-99,4.16645419754433e-19,7.76747130778819e-28,0,0,0,0,0,0,0,0,0,0,0,0,0,0,0,0,0,0,0,0,0,0,0,0,0,0,0,0,0,0,1.16289721846935e-312,2.08766075648459e-278,3.80113121900884e-246,7.01940233353507e-216,1.31468512220909e-187,2.49734015104752e-161,4.81136151335434e-137,9.40140190854359e-115,1.86316615806128e-94,3.74494026079013e-76,7.63435832663755e-60,1.57846343154932e-45,3.31002175928993e-33,7.0398192948856e-23,1.51854096764098e-14,3.32220060816362e-08,0.000737156217243045,0.165892805214938,0.378642978924121,0.00876529635760607,2.05796336477101e-06
0,0,0,1.20857560710394e-198,0,0,0,0,0,0,4.80616920510106e-259,9.77722199250748e-82,0,0,1.2412678643021e-125,7.25513369706316e-305,1.28189271996883e-18,1.42935087526618e-64,2.41522784900156e-17,1.32474936894584e-94,3.09348957758266e-58,0,0,0,0,6.67893743759363e-23,4.07645097342486e-129,7.44041222502091e-94,0,8.74178404048908e-200,2.15942363760944e-97,0,1.91668235355075e-102,5.71507035265418e-83,3.15925470053853e-93,4.58148514946886e-102,9.34369678789774e-20,7.95945755920226e-29,0,0,0,0,0,0,0,0,0,0,0,0,0,0,0,0,0,0,0,0,0,0,0,0,0,0,0,0,0,0,0,1.16289721846935e-312,2.08766075648459e-278,3.80113121900884e-246,7.01940233353507e-216,1.31468512220909e-187,2.49734015104752e-161,4.81136151335434e-137,9.40140190854359e-115,1.86316615806128e-94,3.74494026079013e-76,7.63435832663755e-60,1.57846343154932e-45,3.31002175928993e-33,7.0398192948856e-23,1.51854096764098e-14,3.32220060816362e-08,0.000737156217243045,0.165892805214938,0.378642978924121,0.00876529635760607
0,0,0,5.64181937979736e-204,0,0,0,0,0,0,1.34264864540813e-265,7.29570661962929e-84,0,0,4.61858907493124e-129,1.14539128251704e-313,4.1189993908418e-19,2.10446746717339e-66,8.76460205532192e-18,2.71815497742866e-97,6.1956441572272e-60,0,0,0,0,9.64460252358851e-24,2.19249509877515e-133,6.29536960054287e-97,0,3.01719114103014e-207,1.43252439938554e-100,0,6.87380214203241e-106,9.95138957552777e-86,3.08273345119515e-96,2.26959317042873e-105,2.03806203504625e-20,7.81625982516262e-30,0,0,0,0,0,0,0,0,0,0,0,0,0,0,0,0,0,0,0,0,0,0,0,0,0,0,0,0,0,0,0,0,1.16289721846935e-312,2.08766075648459e-278,3.80113121900884e-246,7.01940233353507e-216,1.31468512220909e-187,2.49734015104752e-161,4.81136151335434e-137,9.40140190854359e-115,1.86316615806128e-94,3.74494026079013e-76,7.63435832663755e-60,1.57846343154932e-45,3.31002175928993e-33,7.0398192948856e-23,1.51854096764098e-14,3.32220060816362e-08,0.000737156217243045,0.165892805214938,0.378642978924121
0,0,0,2.23556297511946e-209,0,0,0,0,0,0,3.10251863304058e-272,5.1040157695041e-86,0,0,1.54292374330671e-132,1.33397724377137e-322,1.30153066784961e-19,2.91613538884822e-68,3.13452800486644e-18,5.10521931056172e-100,1.17077546603768e-61,0,0,0,0,1.33975348235128e-24,1.00278550756216e-137,4.74313457552665e-100,0,7.5800658674364e-215,8.43002736411782e-104,0,2.15744072020035e-109,1.55851385535312e-88,2.68822072357958e-99,9.93700350827022e-109,4.32377014922063e-21,7.35573722842531e-31,0,0,0,0,0,0,0,0,0,0,0,0,0,0,0,0,0,0,0,0,0,0,0,0,0,0,0,0,0,0,0,0,0,1.16289721846935e-312,2.08766075648459e-278,3.80113121900884e-246,7.01940233353507e-216,1.31468512220909e-187,2.49734015104752e-161,4.81136151335434e-137,9.40140190854359e-115,1.86316615806128e-94,3.74494026079013e-76,7.63435832663755e-60,1.57846343154932e-45,3.31002175928993e-33,7.0398192948856e-23,1.51854096764098e-14,3.32220060816362e-08,0.000737156217243045,0.165892805214938
0,0,0,7.51929311303426e-215,0,0,0,0,0,0,5.93000579421086e-279,3.34772221367397e-88,0,0,4.62776105409401e-136,0,4.04426602825542e-20,3.80307817448388e-70,1.10478549503006e-18,8.77716549444266e-103,2.08742123543124e-63,0,0,0,0,1.79031337778277e-25,3.90023231632443e-142,3.18221589521122e-103,0,1.38615099206736e-222,4.40066916903578e-107,0,5.92619145012686e-113,2.19534307494076e-91,2.09493951952392e-102,3.84528527456568e-112,8.92183806306249e-22,6.63384206307928e-32,0,0,0,0,0,0,0,0,0,0,0,0,0,0,0,0,0,0,0,0,0,0,0,0,0,0,0,0,0,0,0,0,0,0,1.16289721846935e-312,2.08766075648459e-278,3.80113121900884e-246,7.01940233353507e-216,1.31468512220909e-187,2.49734015104752e-161,4.81136151335434e-137,9.40140190854359e-115,1.86316615806128e-94,3.74494026079013e-76,7.63435832663755e-60,1.57846343154932e-45,3.31002175928993e-33,7.0398192948856e-23,1.51854096764098e-14,3.32220060816362e-08,0.000737156217243045
0,0,0,2.14678967126101e-220,0,0,0,0,0,0,9.37528623157847e-286,2.05863608506698e-90,0,0,1.24620278591007e-139,0,1.23579847914324e-20,4.66793633853583e-72,3.83751097349748e-19,1.38131862014092e-105,3.51152624685077e-65,0,0,0,0,2.30142497103108e-26,1.28998872380226e-146,1.90113874989224e-106,0,1.84508129384811e-230,2.03784541528164e-110,0,1.42464758229808e-116,2.7813709989387e-94,1.45900126765756e-105,1.3151260519085e-115,1.79057538996133e-22,5.7334463316717e-33,0,0,0,0,0,0,0,0,0,0,0,0,0,0,0,0,0,0,0,0,0,0,0,0,0,0,0,0,0,0,0,0,0,0,0,1.16289721846935e-312,2.08766075648459e-278,3.80113121900884e-246,7.01940233353507e-216,1.31468512220909e-187,2.49734015104752e-161,4.81136151335434e-137,9.40140190854359e-115,1.86316615806128e-94,3.74494026079013e-76,7.63435832663755e-60,1.57846343154932e-45,3.31002175928993e-33,7.0398192948856e-23,1.51854096764098e-14,3.32220060816362e-08
