alg,run,k,c,tomatch,success,rate,time
Cluster,0,5,5,32964,552,0.0167455,0.005701
Cluster,1,25,5,32964,2674,0.0811188,0.007447
Cluster,2,45,5,32964,4530,0.137423,0.009375
Cluster,3,65,5,32964,5800,0.17595,0.011445
Cluster,4,85,5,32964,6960,0.211139,0.013612
Cluster,5,105,5,32964,8144,0.247057,0.014656
Cluster,6,125,5,32964,9278,0.281459,0.016712
Cluster,7,145,5,32964,10072,0.305545,0.018259
Cluster,8,165,5,32964,10792,0.327387,0.019899
Cluster,9,185,5,32964,11634,0.35293,0.021916
Cluster,10,205,5,32964,12224,0.370829,0.025327
Cluster,11,225,5,32964,12866,0.390305,0.027016
Cluster,12,245,5,32964,13292,0.403228,0.027132
Cluster,13,265,5,32964,13904,0.421793,0.03057
Cluster,14,285,5,32964,14646,0.444303,0.032636
Cluster,15,305,5,32964,14696,0.44582,0.032965
Cluster,16,325,5,32964,15130,0.458986,0.036612
Cluster,17,345,5,32964,15566,0.472212,0.036794
Cluster,18,365,5,32964,15924,0.483072,0.040209
Cluster,19,385,5,32964,16522,0.501213,0.042128
Cluster,20,405,5,32964,16660,0.5054,0.040315
Cluster,21,425,5,32964,16848,0.511103,0.043191
Cluster,22,445,5,32964,17198,0.521721,0.043188
Cluster,23,465,5,32964,17496,0.530761,0.04509
Cluster,24,485,5,32964,17810,0.540286,0.046135
Cluster,25,505,5,32964,18112,0.549448,0.047782
Cluster,26,525,5,32964,18264,0.554059,0.054484
Cluster,27,545,5,32964,18378,0.557517,0.053024
Cluster,28,565,5,32964,18664,0.566193,0.058258
Cluster,29,585,5,32964,19078,0.578753,0.055141
Cluster,30,5,25,32964,2484,0.0753549,0.006351
Cluster,31,25,25,32964,9082,0.275513,0.007934
Cluster,32,45,25,32964,12594,0.382053,0.009753
Cluster,33,65,25,32964,15108,0.458318,0.010807
Cluster,34,85,25,32964,16660,0.5054,0.012937
Cluster,35,105,25,32964,17946,0.544412,0.014062
Cluster,36,125,25,32964,18900,0.573353,0.015774
Cluster,37,145,25,32964,19748,0.599078,0.0164
Cluster,38,165,25,32964,20344,0.617158,0.017683
Cluster,39,185,25,32964,21218,0.643672,0.018742
Cluster,40,205,25,32964,21638,0.656413,0.019839
Cluster,41,225,25,32964,21898,0.6643,0.021899
Cluster,42,245,25,32964,22442,0.680803,0.023333
Cluster,43,265,25,32964,22654,0.687235,0.023647
Cluster,44,285,25,32964,22874,0.693909,0.025401
Cluster,45,305,25,32964,23230,0.704708,0.026407
Cluster,46,325,25,32964,23464,0.711807,0.028379
Cluster,47,345,25,32964,23558,0.714658,0.029926
Cluster,48,365,25,32964,23828,0.722849,0.031388
Cluster,49,385,25,32964,23962,0.726914,0.033201
Cluster,50,405,25,32964,23968,0.727096,0.03369
Cluster,51,425,25,32964,24124,0.731829,0.03591
Cluster,52,445,25,32964,24284,0.736682,0.03702
Cluster,53,465,25,32964,24406,0.740383,0.03778
Cluster,54,485,25,32964,24534,0.744266,0.038638
Cluster,55,505,25,32964,24598,0.746208,0.039784
Cluster,56,525,25,32964,24566,0.745237,0.041888
Cluster,57,545,25,32964,24740,0.750516,0.042604
Cluster,58,565,25,32964,24822,0.753003,0.043674
Cluster,59,585,25,32964,24844,0.753671,0.045657
Cluster,60,5,45,32964,4108,0.124621,0.00508
Cluster,61,25,45,32964,12442,0.377442,0.007145
Cluster,62,45,45,32964,16158,0.490171,0.009304
Cluster,63,65,45,32964,18468,0.560248,0.010696
Cluster,64,85,45,32964,19750,0.599138,0.012083
Cluster,65,105,45,32964,20936,0.635117,0.013641
Cluster,66,125,45,32964,21686,0.657869,0.014831
Cluster,67,145,45,32964,22302,0.676556,0.016301
Cluster,68,165,45,32964,23052,0.699308,0.017207
Cluster,69,185,45,32964,23318,0.707378,0.018409
Cluster,70,205,45,32964,23618,0.716479,0.019902
Cluster,71,225,45,32964,23876,0.724305,0.020816
Cluster,72,245,45,32964,24164,0.733042,0.021542
Cluster,73,265,45,32964,24202,0.734195,0.023818
Cluster,74,285,45,32964,24526,0.744024,0.023602
Cluster,75,305,45,32964,24624,0.746997,0.026328
Cluster,76,325,45,32964,24742,0.750576,0.026489
Cluster,77,345,45,32964,24878,0.754702,0.02842
Cluster,78,365,45,32964,25044,0.759738,0.029072
Cluster,79,385,45,32964,24978,0.757736,0.029627
Cluster,80,405,45,32964,25150,0.762954,0.030148
Cluster,81,425,45,32964,25150,0.762954,0.031064
Cluster,82,445,45,32964,25168,0.7635,0.033642
Cluster,83,465,45,32964,25230,0.76538,0.033732
Cluster,84,485,45,32964,25288,0.76714,0.035809
Cluster,85,505,45,32964,25370,0.769627,0.037408
Cluster,86,525,45,32964,25350,0.769021,0.036012
Cluster,87,545,45,32964,25386,0.770113,0.036579
Cluster,88,565,45,32964,25464,0.772479,0.037867
Cluster,89,585,45,32964,25458,0.772297,0.038135
Cluster,90,5,65,32964,5422,0.164482,0.004934
Cluster,91,25,65,32964,14422,0.437508,0.00698
Cluster,92,45,65,32964,18050,0.547567,0.008598
Cluster,93,65,65,32964,20174,0.612001,0.01025
Cluster,94,85,65,32964,21566,0.654229,0.011812
Cluster,95,105,65,32964,22310,0.676799,0.013366
Cluster,96,125,65,32964,22946,0.696093,0.014664
Cluster,97,145,65,32964,23558,0.714658,0.015404
Cluster,98,165,65,32964,23810,0.722303,0.016955
Cluster,99,185,65,32964,24084,0.730615,0.018004
Cluster,100,205,65,32964,24424,0.740929,0.019061
Cluster,101,225,65,32964,24598,0.746208,0.020428
Cluster,102,245,65,32964,24838,0.753489,0.021494
Cluster,103,265,65,32964,24854,0.753974,0.022139
Cluster,104,285,65,32964,24976,0.757675,0.022252
Cluster,105,305,65,32964,25058,0.760163,0.022729
Cluster,106,325,65,32964,25196,0.764349,0.023687
Cluster,107,345,65,32964,25292,0.767261,0.024492
Cluster,108,365,65,32964,25262,0.766351,0.025222
Cluster,109,385,65,32964,25368,0.769567,0.02613
Cluster,110,405,65,32964,25374,0.769749,0.028081
Cluster,111,425,65,32964,25422,0.771205,0.029133
Cluster,112,445,65,32964,25436,0.77163,0.028261
Cluster,113,465,65,32964,25506,0.773753,0.029333
Cluster,114,485,65,32964,25496,0.77345,0.030304
Cluster,115,505,65,32964,25520,0.774178,0.030837
Cluster,116,525,65,32964,25504,0.773693,0.031395
Cluster,117,545,65,32964,25556,0.77527,0.032119
Cluster,118,565,65,32964,25532,0.774542,0.033086
Cluster,119,585,65,32964,25592,0.776362,0.034101
Cluster,120,5,85,32964,6398,0.194091,0.004668
Cluster,121,25,85,32964,15756,0.477976,0.006647
Cluster,122,45,85,32964,19320,0.586094,0.008135
Cluster,123,65,85,32964,21078,0.639425,0.009579
Cluster,124,85,85,32964,22460,0.681349,0.010965
Cluster,125,105,85,32964,23152,0.702342,0.012243
Cluster,126,125,85,32964,23878,0.724366,0.013562
Cluster,127,145,85,32964,23998,0.728006,0.014776
Cluster,128,165,85,32964,24374,0.739413,0.015813
Cluster,129,185,85,32964,24620,0.746875,0.016766
Cluster,130,205,85,32964,24792,0.752093,0.018039
Cluster,131,225,85,32964,24962,0.75725,0.018427
Cluster,132,245,85,32964,25084,0.760951,0.018805
Cluster,133,265,85,32964,25146,0.762832,0.02034
Cluster,134,285,85,32964,25244,0.765805,0.020736
Cluster,135,305,85,32964,25318,0.76805,0.022106
Cluster,136,325,85,32964,25334,0.768535,0.02256
Cluster,137,345,85,32964,25444,0.771872,0.022905
Cluster,138,365,85,32964,25470,0.772661,0.023728
Cluster,139,385,85,32964,25490,0.773268,0.024958
Cluster,140,405,85,32964,25552,0.775149,0.025506
Cluster,141,425,85,32964,25560,0.775391,0.026264
Cluster,142,445,85,32964,25600,0.776605,0.026498
Cluster,143,465,85,32964,25598,0.776544,0.027498
Cluster,144,485,85,32964,25610,0.776908,0.027931
Cluster,145,505,85,32964,25624,0.777333,0.029113
Cluster,146,525,85,32964,25648,0.778061,0.029412
Cluster,147,545,85,32964,25638,0.777758,0.030222
Cluster,148,565,85,32964,25648,0.778061,0.031295
Cluster,149,585,85,32964,25640,0.777818,0.032518
Cluster,150,5,105,32964,7034,0.213384,0.004627
Cluster,151,25,105,32964,16782,0.509101,0.006542
Cluster,152,45,105,32964,19992,0.60648,0.008028
Cluster,153,65,105,32964,21826,0.662116,0.0094
Cluster,154,85,105,32964,22860,0.693484,0.010801
Cluster,155,105,105,32964,23522,0.713566,0.012092
Cluster,156,125,105,32964,24026,0.728856,0.013173
Cluster,157,145,105,32964,24382,0.739655,0.014353
Cluster,158,165,105,32964,24652,0.747846,0.015404
Cluster,159,185,105,32964,24954,0.757008,0.015906
Cluster,160,205,105,32964,25072,0.760587,0.017022
Cluster,161,225,105,32964,25172,0.763621,0.018464
Cluster,162,245,105,32964,25208,0.764713,0.0189
Cluster,163,265,105,32964,25290,0.767201,0.018839
Cluster,164,285,105,32964,25362,0.769385,0.019989
Cluster,165,305,105,32964,25442,0.771812,0.020624
Cluster,166,325,105,32964,25532,0.774542,0.021685
Cluster,167,345,105,32964,25520,0.774178,0.02238
Cluster,168,365,105,32964,25556,0.77527,0.023075
Cluster,169,385,105,32964,25584,0.776119,0.023524
Cluster,170,405,105,32964,25588,0.776241,0.024357
Cluster,171,425,105,32964,25618,0.777151,0.025084
Cluster,172,445,105,32964,25610,0.776908,0.026343
Cluster,173,465,105,32964,25628,0.777454,0.028092
Cluster,174,485,105,32964,25652,0.778182,0.027162
Cluster,175,505,105,32964,25674,0.77885,0.028789
Cluster,176,525,105,32964,25652,0.778182,0.029072
Cluster,177,545,105,32964,25682,0.779092,0.030391
Cluster,178,565,105,32964,25674,0.77885,0.029922
Cluster,179,585,105,32964,25662,0.778486,0.030595
Cluster,180,5,125,32964,7898,0.239595,0.004615
Cluster,181,25,125,32964,17538,0.532035,0.006539
Cluster,182,45,125,32964,20792,0.630749,0.007954
Cluster,183,65,125,32964,22370,0.678619,0.009329
Cluster,184,85,125,32964,23402,0.709926,0.010557
Cluster,185,105,125,32964,23974,0.727278,0.011606
Cluster,186,125,125,32964,24410,0.740505,0.012858
Cluster,187,145,125,32964,24724,0.75003,0.013744
Cluster,188,165,125,32964,24926,0.756158,0.01468
Cluster,189,185,125,32964,25016,0.758888,0.01538
Cluster,190,205,125,32964,25182,0.763924,0.015963
Cluster,191,225,125,32964,25316,0.767989,0.016643
Cluster,192,245,125,32964,25348,0.76896,0.017495
Cluster,193,265,125,32964,25428,0.771387,0.018737
Cluster,194,285,125,32964,25460,0.772358,0.019133
Cluster,195,305,125,32964,25494,0.773389,0.019615
Cluster,196,325,125,32964,25560,0.775391,0.020763
Cluster,197,345,125,32964,25586,0.77618,0.021505
Cluster,198,365,125,32964,25588,0.776241,0.022092
Cluster,199,385,125,32964,25608,0.776847,0.02287
Cluster,200,405,125,32964,25642,0.777879,0.023219
Cluster,201,425,125,32964,25656,0.778304,0.023908
Cluster,202,445,125,32964,25668,0.778668,0.025438
Cluster,203,465,125,32964,25670,0.778728,0.025937
Cluster,204,485,125,32964,25670,0.778728,0.025998
Cluster,205,505,125,32964,25686,0.779214,0.027023
Cluster,206,525,125,32964,25678,0.778971,0.028023
Cluster,207,545,125,32964,25680,0.779032,0.028431
Cluster,208,565,125,32964,25692,0.779396,0.029076
Cluster,209,585,125,32964,25690,0.779335,0.02897
Cluster,210,5,145,32964,8810,0.267261,0.004568
Cluster,211,25,145,32964,18548,0.562674,0.006404
Cluster,212,45,145,32964,21444,0.650528,0.007757
Cluster,213,65,145,32964,22888,0.694333,0.009083
Cluster,214,85,145,32964,23768,0.721029,0.010283
Cluster,215,105,145,32964,24248,0.73559,0.01131
Cluster,216,125,145,32964,24604,0.74639,0.012474
Cluster,217,145,145,32964,24890,0.755066,0.013171
Cluster,218,165,145,32964,25070,0.760527,0.013693
Cluster,219,185,145,32964,25180,0.763864,0.014654
Cluster,220,205,145,32964,25298,0.767443,0.015556
Cluster,221,225,145,32964,25404,0.770659,0.015689
Cluster,222,245,145,32964,25468,0.7726,0.017401
Cluster,223,265,145,32964,25526,0.77436,0.017709
Cluster,224,285,145,32964,25554,0.775209,0.017984
Cluster,225,305,145,32964,25586,0.77618,0.019441
Cluster,226,325,145,32964,25624,0.777333,0.01981
Cluster,227,345,145,32964,25646,0.778,0.02109
Cluster,228,365,145,32964,25646,0.778,0.022055
Cluster,229,385,145,32964,25654,0.778243,0.022517
Cluster,230,405,145,32964,25670,0.778728,0.022277
Cluster,231,425,145,32964,25684,0.779153,0.02281
Cluster,232,445,145,32964,25678,0.778971,0.023702
Cluster,233,465,145,32964,25682,0.779092,0.023971
Cluster,234,485,145,32964,25690,0.779335,0.024909
Cluster,235,505,145,32964,25686,0.779214,0.025608
Cluster,236,525,145,32964,25694,0.779456,0.026607
Cluster,237,545,145,32964,25696,0.779517,0.027304
Cluster,238,565,145,32964,25692,0.779396,0.02689
Cluster,239,585,145,32964,25696,0.779517,0.029043
Cluster,240,5,165,32964,8734,0.264956,0.004491
Cluster,241,25,165,32964,18596,0.564131,0.006396
Cluster,242,45,165,32964,21528,0.653076,0.007728
Cluster,243,65,165,32964,22990,0.697427,0.009115
Cluster,244,85,165,32964,23896,0.724912,0.010232
Cluster,245,105,165,32964,24464,0.742143,0.01133
Cluster,246,125,165,32964,24746,0.750698,0.012161
Cluster,247,145,165,32964,24998,0.758342,0.013054
Cluster,248,165,165,32964,25134,0.762468,0.013998
Cluster,249,185,165,32964,25308,0.767747,0.014524
Cluster,250,205,165,32964,25380,0.769931,0.015332
Cluster,251,225,165,32964,25452,0.772115,0.015733
Cluster,252,245,165,32964,25448,0.771994,0.016686
Cluster,253,265,165,32964,25546,0.774967,0.017326
Cluster,254,285,165,32964,25594,0.776423,0.01848
Cluster,255,305,165,32964,25632,0.777576,0.018608
Cluster,256,325,165,32964,25630,0.777515,0.019196
Cluster,257,345,165,32964,25664,0.778546,0.020257
Cluster,258,365,165,32964,25674,0.77885,0.021077
Cluster,259,385,165,32964,25664,0.778546,0.021825
Cluster,260,405,165,32964,25684,0.779153,0.022202
Cluster,261,425,165,32964,25678,0.778971,0.02364
Cluster,262,445,165,32964,25688,0.779274,0.024528
Cluster,263,465,165,32964,25680,0.779032,0.024851
Cluster,264,485,165,32964,25694,0.779456,0.024977
Cluster,265,505,165,32964,25694,0.779456,0.025205
Cluster,266,525,165,32964,25694,0.779456,0.026628
Cluster,267,545,165,32964,25694,0.779456,0.027208
Cluster,268,565,165,32964,25696,0.779517,0.02715
Cluster,269,585,165,32964,25696,0.779517,0.02749
Cluster,270,5,185,32964,9312,0.28249,0.004528
Cluster,271,25,185,32964,19006,0.576568,0.006287
Cluster,272,45,185,32964,21862,0.663208,0.00768
Cluster,273,65,185,32964,23114,0.701189,0.009067
Cluster,274,85,185,32964,24006,0.728249,0.010134
Cluster,275,105,185,32964,24430,0.741112,0.011191
Cluster,276,125,185,32964,24826,0.753125,0.011891
Cluster,277,145,185,32964,25028,0.759253,0.013061
Cluster,278,165,185,32964,25230,0.76538,0.013756
Cluster,279,185,185,32964,25386,0.770113,0.014843
Cluster,280,205,185,32964,25402,0.770598,0.015192
Cluster,281,225,185,32964,25534,0.774603,0.016206
Cluster,282,245,185,32964,25546,0.774967,0.016977
Cluster,283,265,185,32964,25598,0.776544,0.017034
Cluster,284,285,185,32964,25614,0.777029,0.018248
Cluster,285,305,185,32964,25664,0.778546,0.018639
Cluster,286,325,185,32964,25664,0.778546,0.019879
Cluster,287,345,185,32964,25664,0.778546,0.02054
Cluster,288,365,185,32964,25674,0.77885,0.021326
Cluster,289,385,185,32964,25682,0.779092,0.021766
Cluster,290,405,185,32964,25688,0.779274,0.022711
Cluster,291,425,185,32964,25680,0.779032,0.022955
Cluster,292,445,185,32964,25692,0.779396,0.023421
Cluster,293,465,185,32964,25694,0.779456,0.023577
Cluster,294,485,185,32964,25694,0.779456,0.024698
Cluster,295,505,185,32964,25696,0.779517,0.024981
Cluster,296,525,185,32964,25696,0.779517,0.025912
Cluster,297,545,185,32964,25696,0.779517,0.025884
Cluster,298,565,185,32964,25696,0.779517,0.026794
Cluster,299,585,185,32964,25696,0.779517,0.028088
Cluster,300,5,205,32964,9786,0.296869,0.004491
Cluster,301,25,205,32964,19466,0.590523,0.006257
Cluster,302,45,205,32964,22164,0.67237,0.007541
Cluster,303,65,205,32964,23366,0.708834,0.008857
Cluster,304,85,205,32964,24252,0.735712,0.009942
Cluster,305,105,205,32964,24680,0.748696,0.010993
Cluster,306,125,205,32964,24952,0.756947,0.011849
Cluster,307,145,205,32964,25194,0.764288,0.012782
Cluster,308,165,205,32964,25304,0.767625,0.013658
Cluster,309,185,205,32964,25402,0.770598,0.014385
Cluster,310,205,205,32964,25506,0.773753,0.015098
Cluster,311,225,205,32964,25548,0.775027,0.015879
Cluster,312,245,205,32964,25612,0.776969,0.016424
Cluster,313,265,205,32964,25652,0.778182,0.017224
Cluster,314,285,205,32964,25654,0.778243,0.017175
Cluster,315,305,205,32964,25664,0.778546,0.017967
Cluster,316,325,205,32964,25668,0.778668,0.018526
Cluster,317,345,205,32964,25676,0.77891,0.018983
Cluster,318,365,205,32964,25692,0.779396,0.020197
Cluster,319,385,205,32964,25684,0.779153,0.020488
Cluster,320,405,205,32964,25688,0.779274,0.021227
Cluster,321,425,205,32964,25696,0.779517,0.021707
Cluster,322,445,205,32964,25694,0.779456,0.022256
Cluster,323,465,205,32964,25696,0.779517,0.022791
Cluster,324,485,205,32964,25696,0.779517,0.023566
Cluster,325,505,205,32964,25696,0.779517,0.024061
Cluster,326,525,205,32964,25696,0.779517,0.024704
Cluster,327,545,205,32964,25696,0.779517,0.025532
Cluster,328,565,205,32964,25696,0.779517,0.026167
Cluster,329,585,205,32964,25696,0.779517,0.026559
Cluster,330,5,225,32964,10334,0.313494,0.004464
Cluster,331,25,225,32964,19530,0.592465,0.006213
Cluster,332,45,225,32964,22410,0.679833,0.007502
Cluster,333,65,225,32964,23762,0.720847,0.008724
Cluster,334,85,225,32964,24392,0.739959,0.009843
Cluster,335,105,225,32964,24738,0.750455,0.010917
Cluster,336,125,225,32964,25084,0.760951,0.011748
Cluster,337,145,225,32964,25282,0.766958,0.012471
Cluster,338,165,225,32964,25382,0.769992,0.013326
Cluster,339,185,225,32964,25470,0.772661,0.013799
Cluster,340,205,225,32964,25550,0.775088,0.014718
Cluster,341,225,225,32964,25602,0.776665,0.015282
Cluster,342,245,225,32964,25624,0.777333,0.016096
Cluster,343,265,225,32964,25640,0.777818,0.016627
Cluster,344,285,225,32964,25660,0.778425,0.017575
Cluster,345,305,225,32964,25676,0.77891,0.018152
Cluster,346,325,225,32964,25682,0.779092,0.018384
Cluster,347,345,225,32964,25686,0.779214,0.018781
Cluster,348,365,225,32964,25694,0.779456,0.019413
Cluster,349,385,225,32964,25696,0.779517,0.020212
Cluster,350,405,225,32964,25694,0.779456,0.021232
Cluster,351,425,225,32964,25694,0.779456,0.022025
Cluster,352,445,225,32964,25696,0.779517,0.022828
Cluster,353,465,225,32964,25696,0.779517,0.022645
Cluster,354,485,225,32964,25696,0.779517,0.024042
Cluster,355,505,225,32964,25696,0.779517,0.024691
Cluster,356,525,225,32964,25696,0.779517,0.025183
Cluster,357,545,225,32964,25696,0.779517,0.02538
Cluster,358,565,225,32964,25696,0.779517,0.025487
Cluster,359,585,225,32964,25696,0.779517,0.026771
Cluster,360,5,245,32964,10302,0.312523,0.004424
Cluster,361,25,245,32964,20102,0.609817,0.006186
Cluster,362,45,245,32964,22632,0.686567,0.007465
Cluster,363,65,245,32964,23814,0.722424,0.008791
Cluster,364,85,245,32964,24366,0.73917,0.009839
Cluster,365,105,245,32964,24844,0.753671,0.010631
Cluster,366,125,245,32964,25142,0.762711,0.011574
Cluster,367,145,245,32964,25310,0.767807,0.012435
Cluster,368,165,245,32964,25410,0.770841,0.01261
Cluster,369,185,245,32964,25520,0.774178,0.013407
Cluster,370,205,245,32964,25582,0.776059,0.01395
Cluster,371,225,245,32964,25606,0.776787,0.015176
Cluster,372,245,245,32964,25640,0.777818,0.015845
Cluster,373,265,245,32964,25652,0.778182,0.016572
Cluster,374,285,245,32964,25676,0.77891,0.017059
Cluster,375,305,245,32964,25676,0.77891,0.017372
Cluster,376,325,245,32964,25686,0.779214,0.018347
Cluster,377,345,245,32964,25694,0.779456,0.019066
Cluster,378,365,245,32964,25694,0.779456,0.020345
Cluster,379,385,245,32964,25696,0.779517,0.02073
Cluster,380,405,245,32964,25696,0.779517,0.021362
Cluster,381,425,245,32964,25694,0.779456,0.021133
Cluster,382,445,245,32964,25694,0.779456,0.022838
Cluster,383,465,245,32964,25696,0.779517,0.023423
Cluster,384,485,245,32964,25696,0.779517,0.024089
Cluster,385,505,245,32964,25696,0.779517,0.02468
Cluster,386,525,245,32964,25696,0.779517,0.024323
Cluster,387,545,245,32964,25696,0.779517,0.025806
Cluster,388,565,245,32964,25696,0.779517,0.026445
Cluster,389,585,245,32964,25696,0.779517,0.025867
Cluster,390,5,265,32964,10462,0.317377,0.004404
Cluster,391,25,265,32964,20012,0.607087,0.006163
Cluster,392,45,265,32964,22742,0.689904,0.007461
Cluster,393,65,265,32964,23838,0.723153,0.008769
Cluster,394,85,265,32964,24576,0.745541,0.009651
Cluster,395,105,265,32964,24924,0.756098,0.010761
Cluster,396,125,265,32964,25148,0.762893,0.011527
Cluster,397,145,265,32964,25390,0.770234,0.012524
Cluster,398,165,265,32964,25482,0.773025,0.012995
Cluster,399,185,265,32964,25524,0.774299,0.013884
Cluster,400,205,265,32964,25572,0.775755,0.014376
Cluster,401,225,265,32964,25626,0.777394,0.015008
Cluster,402,245,265,32964,25614,0.777029,0.015216
Cluster,403,265,265,32964,25664,0.778546,0.015564
Cluster,404,285,265,32964,25676,0.77891,0.016779
Cluster,405,305,265,32964,25686,0.779214,0.017016
Cluster,406,325,265,32964,25684,0.779153,0.017528
Cluster,407,345,265,32964,25692,0.779396,0.018428
Cluster,408,365,265,32964,25692,0.779396,0.019024
Cluster,409,385,265,32964,25696,0.779517,0.019621
Cluster,410,405,265,32964,25696,0.779517,0.02019
Cluster,411,425,265,32964,25694,0.779456,0.020619
Cluster,412,445,265,32964,25696,0.779517,0.021302
Cluster,413,465,265,32964,25696,0.779517,0.022001
Cluster,414,485,265,32964,25696,0.779517,0.022596
Cluster,415,505,265,32964,25696,0.779517,0.023319
Cluster,416,525,265,32964,25696,0.779517,0.023745
Cluster,417,545,265,32964,25696,0.779517,0.024406
Cluster,418,565,265,32964,25696,0.779517,0.025014
Cluster,419,585,265,32964,25696,0.779517,0.025703
Cluster,420,5,285,32964,10662,0.323444,0.004384
Cluster,421,25,285,32964,20060,0.608543,0.006135
Cluster,422,45,285,32964,22770,0.690754,0.007429
Cluster,423,65,285,32964,23932,0.726004,0.008643
Cluster,424,85,285,32964,24598,0.746208,0.00973
Cluster,425,105,285,32964,24962,0.75725,0.010615
Cluster,426,125,285,32964,25210,0.764774,0.011454
Cluster,427,145,285,32964,25340,0.768717,0.012424
Cluster,428,165,285,32964,25468,0.7726,0.013117
Cluster,429,185,285,32964,25566,0.775573,0.013474
Cluster,430,205,285,32964,25608,0.776847,0.014336
Cluster,431,225,285,32964,25638,0.777758,0.014401
Cluster,432,245,285,32964,25664,0.778546,0.015226
Cluster,433,265,285,32964,25670,0.778728,0.01571
Cluster,434,285,285,32964,25684,0.779153,0.016606
Cluster,435,305,285,32964,25682,0.779092,0.017671
Cluster,436,325,285,32964,25680,0.779032,0.01767
Cluster,437,345,285,32964,25694,0.779456,0.018165
Cluster,438,365,285,32964,25688,0.779274,0.019361
Cluster,439,385,285,32964,25688,0.779274,0.019413
Cluster,440,405,285,32964,25694,0.779456,0.02057
Cluster,441,425,285,32964,25694,0.779456,0.020701
Cluster,442,445,285,32964,25696,0.779517,0.021599
Cluster,443,465,285,32964,25696,0.779517,0.022836
Cluster,444,485,285,32964,25696,0.779517,0.022628
Cluster,445,505,285,32964,25696,0.779517,0.02412
Cluster,446,525,285,32964,25696,0.779517,0.024567
Cluster,447,545,285,32964,25696,0.779517,0.025215
Cluster,448,565,285,32964,25696,0.779517,0.025764
Cluster,449,585,285,32964,25696,0.779517,0.026638
Cluster,450,5,305,32964,10898,0.330603,0.004403
Cluster,451,25,305,32964,20556,0.623589,0.006069
Cluster,452,45,305,32964,22884,0.694212,0.007299
Cluster,453,65,305,32964,24088,0.730737,0.008507
Cluster,454,85,305,32964,24714,0.749727,0.009495
Cluster,455,105,305,32964,25050,0.75992,0.01046
Cluster,456,125,305,32964,25286,0.767079,0.011258
Cluster,457,145,305,32964,25472,0.772722,0.011636
Cluster,458,165,305,32964,25522,0.774239,0.012791
Cluster,459,185,305,32964,25604,0.776726,0.012756
Cluster,460,205,305,32964,25640,0.777818,0.013589
Cluster,461,225,305,32964,25650,0.778122,0.014676
Cluster,462,245,305,32964,25662,0.778486,0.01504
Cluster,463,265,305,32964,25684,0.779153,0.015845
Cluster,464,285,305,32964,25690,0.779335,0.016713
Cluster,465,305,305,32964,25688,0.779274,0.017303
Cluster,466,325,305,32964,25696,0.779517,0.018059
Cluster,467,345,305,32964,25688,0.779274,0.018523
Cluster,468,365,305,32964,25692,0.779396,0.018332
Cluster,469,385,305,32964,25694,0.779456,0.02014
Cluster,470,405,305,32964,25692,0.779396,0.02054
Cluster,471,425,305,32964,25696,0.779517,0.021135
Cluster,472,445,305,32964,25696,0.779517,0.022096
Cluster,473,465,305,32964,25696,0.779517,0.021572
Cluster,474,485,305,32964,25696,0.779517,0.023372
Cluster,475,505,305,32964,25696,0.779517,0.023862
Cluster,476,525,305,32964,25696,0.779517,0.024415
Cluster,477,545,305,32964,25696,0.779517,0.024971
Cluster,478,565,305,32964,25696,0.779517,0.025747
Cluster,479,585,305,32964,25696,0.779517,0.025985
Cluster,480,5,325,32964,11300,0.342798,0.004339
Cluster,481,25,325,32964,20484,0.621405,0.006122
Cluster,482,45,325,32964,22988,0.697367,0.007387
Cluster,483,65,325,32964,24056,0.729766,0.008511
Cluster,484,85,325,32964,24766,0.751304,0.009542
Cluster,485,105,325,32964,24960,0.75719,0.010495
Cluster,486,125,325,32964,25302,0.767565,0.011311
Cluster,487,145,325,32964,25400,0.770538,0.011936
Cluster,488,165,325,32964,25538,0.774724,0.012496
Cluster,489,185,325,32964,25600,0.776605,0.012873
Cluster,490,205,325,32964,25638,0.777758,0.013493
Cluster,491,225,325,32964,25652,0.778182,0.014618
Cluster,492,245,325,32964,25678,0.778971,0.015072
Cluster,493,265,325,32964,25680,0.779032,0.015912
Cluster,494,285,325,32964,25682,0.779092,0.016613
Cluster,495,305,325,32964,25696,0.779517,0.017194
Cluster,496,325,325,32964,25692,0.779396,0.017347
Cluster,497,345,325,32964,25694,0.779456,0.018499
Cluster,498,365,325,32964,25694,0.779456,0.019185
Cluster,499,385,325,32964,25696,0.779517,0.019799
Cluster,500,405,325,32964,25696,0.779517,0.020409
Cluster,501,425,325,32964,25696,0.779517,0.021041
Cluster,502,445,325,32964,25696,0.779517,0.020901
Cluster,503,465,325,32964,25696,0.779517,0.022218
Cluster,504,485,325,32964,25696,0.779517,0.022955
Cluster,505,505,325,32964,25696,0.779517,0.02367
Cluster,506,525,325,32964,25696,0.779517,0.024104
Cluster,507,545,325,32964,25696,0.779517,0.024237
Cluster,508,565,325,32964,25696,0.779517,0.024424
Cluster,509,585,325,32964,25696,0.779517,0.024887
Cluster,510,5,345,32964,11156,0.33843,0.004417
Cluster,511,25,345,32964,20490,0.621587,0.006072
Cluster,512,45,345,32964,22934,0.695729,0.007353
Cluster,513,65,345,32964,24038,0.72922,0.00853
Cluster,514,85,345,32964,24766,0.751304,0.009571
Cluster,515,105,345,32964,25106,0.761619,0.010265
Cluster,516,125,345,32964,25316,0.767989,0.011101
Cluster,517,145,345,32964,25486,0.773146,0.011788
Cluster,518,165,345,32964,25568,0.775634,0.012313
Cluster,519,185,345,32964,25612,0.776969,0.013008
Cluster,520,205,345,32964,25634,0.777636,0.013493
Cluster,521,225,345,32964,25658,0.778364,0.014535
Cluster,522,245,345,32964,25672,0.778789,0.015194
Cluster,523,265,345,32964,25680,0.779032,0.015785
Cluster,524,285,345,32964,25678,0.778971,0.015972
Cluster,525,305,345,32964,25692,0.779396,0.01647
Cluster,526,325,345,32964,25692,0.779396,0.016978
Cluster,527,345,345,32964,25694,0.779456,0.018535
Cluster,528,365,345,32964,25696,0.779517,0.019235
Cluster,529,385,345,32964,25694,0.779456,0.019852
Cluster,530,405,345,32964,25696,0.779517,0.020464
Cluster,531,425,345,32964,25696,0.779517,0.020939
Cluster,532,445,345,32964,25696,0.779517,0.021083
Cluster,533,465,345,32964,25696,0.779517,0.022404
Cluster,534,485,345,32964,25696,0.779517,0.023076
Cluster,535,505,345,32964,25696,0.779517,0.02278
Cluster,536,525,345,32964,25696,0.779517,0.024296
Cluster,537,545,345,32964,25696,0.779517,0.024902
Cluster,538,565,345,32964,25696,0.779517,0.024397
Cluster,539,585,345,32964,25696,0.779517,0.026036
Cluster,540,5,365,32964,11212,0.340129,0.004345
Cluster,541,25,365,32964,20698,0.627897,0.006061
Cluster,542,45,365,32964,23240,0.705012,0.007275
Cluster,543,65,365,32964,24280,0.736561,0.008409
Cluster,544,85,365,32964,24820,0.752943,0.009476
Cluster,545,105,365,32964,25166,0.763439,0.010327
Cluster,546,125,365,32964,25388,0.770174,0.011138
Cluster,547,145,365,32964,25508,0.773814,0.011916
Cluster,548,165,365,32964,25560,0.775391,0.012455
Cluster,549,185,365,32964,25612,0.776969,0.012753
Cluster,550,205,365,32964,25638,0.777758,0.01373
Cluster,551,225,365,32964,25654,0.778243,0.014453
Cluster,552,245,365,32964,25680,0.779032,0.015028
Cluster,553,265,365,32964,25674,0.77885,0.015383
Cluster,554,285,365,32964,25680,0.779032,0.015749
Cluster,555,305,365,32964,25690,0.779335,0.016472
Cluster,556,325,365,32964,25696,0.779517,0.016972
Cluster,557,345,365,32964,25694,0.779456,0.017746
Cluster,558,365,365,32964,25696,0.779517,0.018193
Cluster,559,385,365,32964,25696,0.779517,0.019323
Cluster,560,405,365,32964,25696,0.779517,0.020249
Cluster,561,425,365,32964,25696,0.779517,0.020887
Cluster,562,445,365,32964,25696,0.779517,0.02165
Cluster,563,465,365,32964,25696,0.779517,0.022226
Cluster,564,485,365,32964,25696,0.779517,0.022775
Cluster,565,505,365,32964,25696,0.779517,0.023388
Cluster,566,525,365,32964,25696,0.779517,0.022891
Cluster,567,545,365,32964,25696,0.779517,0.023358
Cluster,568,565,365,32964,25696,0.779517,0.025041
Cluster,569,585,365,32964,25696,0.779517,0.025781
Cluster,570,5,385,32964,11326,0.343587,0.004308
Cluster,571,25,385,32964,20788,0.630627,0.005991
Cluster,572,45,385,32964,23276,0.706104,0.007222
Cluster,573,65,385,32964,24306,0.73735,0.00834
Cluster,574,85,385,32964,24914,0.755794,0.009414
Cluster,575,105,385,32964,25246,0.765866,0.010194
Cluster,576,125,385,32964,25428,0.771387,0.011055
Cluster,577,145,385,32964,25538,0.774724,0.011646
Cluster,578,165,385,32964,25568,0.775634,0.01223
Cluster,579,185,385,32964,25614,0.777029,0.013109
Cluster,580,205,385,32964,25636,0.777697,0.013738
Cluster,581,225,385,32964,25672,0.778789,0.014315
Cluster,582,245,385,32964,25664,0.778546,0.01489
Cluster,583,265,385,32964,25686,0.779214,0.015454
Cluster,584,285,385,32964,25692,0.779396,0.016056
Cluster,585,305,385,32964,25686,0.779214,0.016843
Cluster,586,325,385,32964,25694,0.779456,0.017549
Cluster,587,345,385,32964,25692,0.779396,0.018227
Cluster,588,365,385,32964,25696,0.779517,0.018904
Cluster,589,385,385,32964,25696,0.779517,0.019604
Cluster,590,405,385,32964,25696,0.779517,0.019396
Cluster,591,425,385,32964,25696,0.779517,0.019724
Cluster,592,445,385,32964,25696,0.779517,0.021299
Cluster,593,465,385,32964,25696,0.779517,0.022105
Cluster,594,485,385,32964,25696,0.779517,0.022706
Cluster,595,505,385,32964,25696,0.779517,0.023296
Cluster,596,525,385,32964,25696,0.779517,0.023661
Cluster,597,545,385,32964,25696,0.779517,0.024425
Cluster,598,565,385,32964,25696,0.779517,0.025051
Cluster,599,585,385,32964,25696,0.779517,0.025718
Cluster,600,5,405,32964,11476,0.348137,0.004309
Cluster,601,25,405,32964,20896,0.633904,0.005981
Cluster,602,45,405,32964,23268,0.705861,0.007255
Cluster,603,65,405,32964,24328,0.738017,0.008361
Cluster,604,85,405,32964,24874,0.754581,0.009318
Cluster,605,105,405,32964,25240,0.765684,0.010275
Cluster,606,125,405,32964,25438,0.77169,0.010945
Cluster,607,145,405,32964,25510,0.773875,0.011496
Cluster,608,165,405,32964,25558,0.775331,0.012423
Cluster,609,185,405,32964,25636,0.777697,0.012997
Cluster,610,205,405,32964,25658,0.778364,0.013557
Cluster,611,225,405,32964,25664,0.778546,0.014245
Cluster,612,245,405,32964,25680,0.779032,0.01487
Cluster,613,265,405,32964,25684,0.779153,0.014789
Cluster,614,285,405,32964,25692,0.779396,0.016131
Cluster,615,305,405,32964,25692,0.779396,0.016846
Cluster,616,325,405,32964,25696,0.779517,0.017579
Cluster,617,345,405,32964,25694,0.779456,0.018148
Cluster,618,365,405,32964,25696,0.779517,0.018801
Cluster,619,385,405,32964,25694,0.779456,0.019301
Cluster,620,405,405,32964,25696,0.779517,0.020044
Cluster,621,425,405,32964,25696,0.779517,0.020913
Cluster,622,445,405,32964,25696,0.779517,0.021369
Cluster,623,465,405,32964,25696,0.779517,0.021943
Cluster,624,485,405,32964,25696,0.779517,0.022542
Cluster,625,505,405,32964,25696,0.779517,0.022225
Cluster,626,525,405,32964,25696,0.779517,0.023841
Cluster,627,545,405,32964,25696,0.779517,0.024256
Cluster,628,565,405,32964,25696,0.779517,0.024074
Cluster,629,585,405,32964,25696,0.779517,0.024548
Cluster,630,5,425,32964,11664,0.353841,0.00434
Cluster,631,25,425,32964,21012,0.637423,0.005985
Cluster,632,45,425,32964,23240,0.705012,0.007294
Cluster,633,65,425,32964,24414,0.740626,0.008464
Cluster,634,85,425,32964,24854,0.753974,0.009488
Cluster,635,105,425,32964,25260,0.76629,0.010113
Cluster,636,125,425,32964,25430,0.771448,0.01094
Cluster,637,145,425,32964,25526,0.77436,0.01148
Cluster,638,165,425,32964,25580,0.775998,0.012064
Cluster,639,185,425,32964,25648,0.778061,0.01246
Cluster,640,205,425,32964,25660,0.778425,0.012949
Cluster,641,225,425,32964,25666,0.778607,0.013949
Cluster,642,245,425,32964,25672,0.778789,0.014624
Cluster,643,265,425,32964,25680,0.779032,0.014757
Cluster,644,285,425,32964,25686,0.779214,0.015378
Cluster,645,305,425,32964,25688,0.779274,0.016233
Cluster,646,325,425,32964,25694,0.779456,0.016781
Cluster,647,345,425,32964,25694,0.779456,0.017026
Cluster,648,365,425,32964,25696,0.779517,0.018488
Cluster,649,385,425,32964,25694,0.779456,0.018349
Cluster,650,405,425,32964,25696,0.779517,0.018847
Cluster,651,425,425,32964,25696,0.779517,0.020334
Cluster,652,445,425,32964,25696,0.779517,0.021156
Cluster,653,465,425,32964,25696,0.779517,0.021947
Cluster,654,485,425,32964,25696,0.779517,0.022522
Cluster,655,505,425,32964,25696,0.779517,0.023201
Cluster,656,525,425,32964,25696,0.779517,0.023403
Cluster,657,545,425,32964,25696,0.779517,0.024252
Cluster,658,565,425,32964,25696,0.779517,0.024752
Cluster,659,585,425,32964,25696,0.779517,0.024309
Cluster,660,5,445,32964,11594,0.351717,0.004299
Cluster,661,25,445,32964,21034,0.63809,0.005961
Cluster,662,45,445,32964,23276,0.706104,0.007265
Cluster,663,65,445,32964,24428,0.741051,0.00831
Cluster,664,85,445,32964,24952,0.756947,0.009309
Cluster,665,105,445,32964,25252,0.766048,0.010178
Cluster,666,125,445,32964,25462,0.772418,0.010819
Cluster,667,145,445,32964,25530,0.774481,0.011701
Cluster,668,165,445,32964,25586,0.77618,0.011884
Cluster,669,185,445,32964,25622,0.777272,0.01295
Cluster,670,205,445,32964,25654,0.778243,0.012992
Cluster,671,225,445,32964,25670,0.778728,0.014153
Cluster,672,245,445,32964,25672,0.778789,0.014388
Cluster,673,265,445,32964,25682,0.779092,0.014653
Cluster,674,285,445,32964,25690,0.779335,0.015903
Cluster,675,305,445,32964,25690,0.779335,0.016313
Cluster,676,325,445,32964,25692,0.779396,0.01677
Cluster,677,345,445,32964,25692,0.779396,0.017987
Cluster,678,365,445,32964,25696,0.779517,0.018514
Cluster,679,385,445,32964,25696,0.779517,0.018706
Cluster,680,405,445,32964,25694,0.779456,0.019916
Cluster,681,425,445,32964,25696,0.779517,0.020733
Cluster,682,445,445,32964,25696,0.779517,0.021185
Cluster,683,465,445,32964,25696,0.779517,0.021893
Cluster,684,485,445,32964,25696,0.779517,0.02251
Cluster,685,505,445,32964,25696,0.779517,0.02312
Cluster,686,525,445,32964,25696,0.779517,0.023822
Cluster,687,545,445,32964,25696,0.779517,0.024193
Cluster,688,565,445,32964,25696,0.779517,0.02478
Cluster,689,585,445,32964,25696,0.779517,0.025288
Cluster,690,5,465,32964,11640,0.353112,0.004277
Cluster,691,25,465,32964,21210,0.643429,0.006002
Cluster,692,45,465,32964,23520,0.713506,0.007149
Cluster,693,65,465,32964,24486,0.74281,0.008319
Cluster,694,85,465,32964,25012,0.758767,0.009276
Cluster,695,105,465,32964,25330,0.768414,0.010155
Cluster,696,125,465,32964,25478,0.772904,0.011007
Cluster,697,145,465,32964,25542,0.774845,0.011514
Cluster,698,165,465,32964,25584,0.776119,0.012242
Cluster,699,185,465,32964,25648,0.778061,0.012823
Cluster,700,205,465,32964,25660,0.778425,0.013368
Cluster,701,225,465,32964,25674,0.77885,0.013971
Cluster,702,245,465,32964,25676,0.77891,0.014662
Cluster,703,265,465,32964,25690,0.779335,0.015406
Cluster,704,285,465,32964,25692,0.779396,0.015836
Cluster,705,305,465,32964,25694,0.779456,0.016746
Cluster,706,325,465,32964,25696,0.779517,0.016878
Cluster,707,345,465,32964,25694,0.779456,0.017923
Cluster,708,365,465,32964,25696,0.779517,0.018666
Cluster,709,385,465,32964,25696,0.779517,0.019232
Cluster,710,405,465,32964,25696,0.779517,0.019814
Cluster,711,425,465,32964,25696,0.779517,0.02031
Cluster,712,445,465,32964,25696,0.779517,0.021078
Cluster,713,465,465,32964,25696,0.779517,0.021743
Cluster,714,485,465,32964,25696,0.779517,0.021632
Cluster,715,505,465,32964,25696,0.779517,0.021941
Cluster,716,525,465,32964,25696,0.779517,0.022855
Cluster,717,545,465,32964,25696,0.779517,0.023057
Cluster,718,565,465,32964,25696,0.779517,0.023999
Cluster,719,585,465,32964,25696,0.779517,0.024815
Cluster,720,5,485,32964,11750,0.356449,0.004266
Cluster,721,25,485,32964,21398,0.649132,0.005939
Cluster,722,45,485,32964,23536,0.713991,0.007151
Cluster,723,65,485,32964,24494,0.743053,0.008282
Cluster,724,85,485,32964,25038,0.759556,0.009218
Cluster,725,105,485,32964,25306,0.767686,0.010055
Cluster,726,125,485,32964,25430,0.771448,0.010528
Cluster,727,145,485,32964,25554,0.775209,0.011466
Cluster,728,165,485,32964,25584,0.776119,0.012155
Cluster,729,185,485,32964,25622,0.777272,0.012745
Cluster,730,205,485,32964,25642,0.777879,0.013325
Cluster,731,225,485,32964,25664,0.778546,0.013972
Cluster,732,245,485,32964,25678,0.778971,0.014467
Cluster,733,265,485,32964,25680,0.779032,0.015235
Cluster,734,285,485,32964,25690,0.779335,0.015877
Cluster,735,305,485,32964,25694,0.779456,0.01652
Cluster,736,325,485,32964,25696,0.779517,0.017266
Cluster,737,345,485,32964,25696,0.779517,0.017827
Cluster,738,365,485,32964,25696,0.779517,0.01852
Cluster,739,385,485,32964,25696,0.779517,0.018267
Cluster,740,405,485,32964,25696,0.779517,0.019676
Cluster,741,425,485,32964,25696,0.779517,0.020415
Cluster,742,445,485,32964,25696,0.779517,0.021017
Cluster,743,465,485,32964,25696,0.779517,0.021276
Cluster,744,485,485,32964,25696,0.779517,0.022009
Cluster,745,505,485,32964,25696,0.779517,0.022867
Cluster,746,525,485,32964,25696,0.779517,0.023406
Cluster,747,545,485,32964,25696,0.779517,0.023873
Cluster,748,565,485,32964,25696,0.779517,0.024232
Cluster,749,585,485,32964,25696,0.779517,0.024949
Cluster,750,5,505,32964,11846,0.359362,0.004309
Cluster,751,25,505,32964,21322,0.646827,0.005917
Cluster,752,45,505,32964,23514,0.713324,0.007146
Cluster,753,65,505,32964,24574,0.74548,0.008262
Cluster,754,85,505,32964,25054,0.760041,0.00917
Cluster,755,105,505,32964,25326,0.768293,0.010041
Cluster,756,125,505,32964,25486,0.773146,0.010714
Cluster,757,145,505,32964,25572,0.775755,0.011441
Cluster,758,165,505,32964,25608,0.776847,0.011985
Cluster,759,185,505,32964,25652,0.778182,0.0126
Cluster,760,205,505,32964,25662,0.778486,0.013218
Cluster,761,225,505,32964,25682,0.779092,0.013842
Cluster,762,245,505,32964,25674,0.77885,0.014288
Cluster,763,265,505,32964,25688,0.779274,0.014945
Cluster,764,285,505,32964,25692,0.779396,0.01578
Cluster,765,305,505,32964,25690,0.779335,0.01642
Cluster,766,325,505,32964,25696,0.779517,0.017055
Cluster,767,345,505,32964,25696,0.779517,0.017762
Cluster,768,365,505,32964,25694,0.779456,0.01839
Cluster,769,385,505,32964,25696,0.779517,0.019021
Cluster,770,405,505,32964,25696,0.779517,0.019695
Cluster,771,425,505,32964,25696,0.779517,0.020103
Cluster,772,445,505,32964,25696,0.779517,0.021002
Cluster,773,465,505,32964,25696,0.779517,0.021709
Cluster,774,485,505,32964,25696,0.779517,0.022148
Cluster,775,505,505,32964,25696,0.779517,0.022881
Cluster,776,525,505,32964,25696,0.779517,0.023491
Cluster,777,545,505,32964,25696,0.779517,0.023921
Cluster,778,565,505,32964,25696,0.779517,0.024683
Cluster,779,585,505,32964,25696,0.779517,0.024438
Cluster,780,5,525,32964,11954,0.362638,0.004314
Cluster,781,25,525,32964,21314,0.646584,0.005977
Cluster,782,45,525,32964,23564,0.71484,0.007102
Cluster,783,65,525,32964,24528,0.744084,0.008179
Cluster,784,85,525,32964,25036,0.759495,0.009207
Cluster,785,105,525,32964,25340,0.768717,0.009992
Cluster,786,125,525,32964,25490,0.773268,0.010559
Cluster,787,145,525,32964,25552,0.775149,0.01117
Cluster,788,165,525,32964,25618,0.777151,0.011645
Cluster,789,185,525,32964,25636,0.777697,0.012571
Cluster,790,205,525,32964,25660,0.778425,0.012621
Cluster,791,225,525,32964,25676,0.77891,0.013185
Cluster,792,245,525,32964,25684,0.779153,0.013683
Cluster,793,265,525,32964,25682,0.779092,0.01439
Cluster,794,285,525,32964,25690,0.779335,0.015545
Cluster,795,305,525,32964,25688,0.779274,0.015483
Cluster,796,325,525,32964,25692,0.779396,0.016991
Cluster,797,345,525,32964,25696,0.779517,0.017348
Cluster,798,365,525,32964,25696,0.779517,0.017382
Cluster,799,385,525,32964,25696,0.779517,0.017927
Cluster,800,405,525,32964,25696,0.779517,0.019522
Cluster,801,425,525,32964,25696,0.779517,0.020238
Cluster,802,445,525,32964,25696,0.779517,0.020993
Cluster,803,465,525,32964,25696,0.779517,0.021492
Cluster,804,485,525,32964,25696,0.779517,0.021954
Cluster,805,505,525,32964,25696,0.779517,0.022359
Cluster,806,525,525,32964,25696,0.779517,0.02227
Cluster,807,545,525,32964,25696,0.779517,0.022786
Cluster,808,565,525,32964,25696,0.779517,0.02392
Cluster,809,585,525,32964,25696,0.779517,0.023847
Cluster,810,5,545,32964,11938,0.362153,0.004236
Cluster,811,25,545,32964,21316,0.646645,0.005946
Cluster,812,45,545,32964,23532,0.71387,0.00706
Cluster,813,65,545,32964,24606,0.746451,0.008165
Cluster,814,85,545,32964,25070,0.760527,0.009183
Cluster,815,105,545,32964,25312,0.767868,0.009858
Cluster,816,125,545,32964,25460,0.772358,0.010462
Cluster,817,145,545,32964,25552,0.775149,0.011336
Cluster,818,165,545,32964,25608,0.776847,0.011903
Cluster,819,185,545,32964,25638,0.777758,0.012541
Cluster,820,205,545,32964,25664,0.778546,0.01332
Cluster,821,225,545,32964,25662,0.778486,0.013675
Cluster,822,245,545,32964,25676,0.77891,0.013844
Cluster,823,265,545,32964,25684,0.779153,0.014922
Cluster,824,285,545,32964,25690,0.779335,0.015622
Cluster,825,305,545,32964,25692,0.779396,0.016394
Cluster,826,325,545,32964,25692,0.779396,0.017017
Cluster,827,345,545,32964,25696,0.779517,0.017829
Cluster,828,365,545,32964,25696,0.779517,0.018312
Cluster,829,385,545,32964,25696,0.779517,0.018003
Cluster,830,405,545,32964,25696,0.779517,0.018972
Cluster,831,425,545,32964,25696,0.779517,0.020308
Cluster,832,445,545,32964,25696,0.779517,0.020938
Cluster,833,465,545,32964,25696,0.779517,0.021419
Cluster,834,485,545,32964,25696,0.779517,0.022095
Cluster,835,505,545,32964,25696,0.779517,0.022864
Cluster,836,525,545,32964,25696,0.779517,0.023398
Cluster,837,545,545,32964,25696,0.779517,0.023992
Cluster,838,565,545,32964,25696,0.779517,0.024532
Cluster,839,585,545,32964,25696,0.779517,0.025023
Cluster,840,5,565,32964,11856,0.359665,0.004216
Cluster,841,25,565,32964,21388,0.648829,0.005886
Cluster,842,45,565,32964,23666,0.717935,0.00705
Cluster,843,65,565,32964,24680,0.748696,0.008096
Cluster,844,85,565,32964,25110,0.76174,0.009045
Cluster,845,105,565,32964,25396,0.770416,0.009819
Cluster,846,125,565,32964,25510,0.773875,0.010376
Cluster,847,145,565,32964,25554,0.775209,0.01125
Cluster,848,165,565,32964,25616,0.77709,0.011732
Cluster,849,185,565,32964,25640,0.777818,0.012442
Cluster,850,205,565,32964,25656,0.778304,0.013045
Cluster,851,225,565,32964,25676,0.77891,0.013715
Cluster,852,245,565,32964,25684,0.779153,0.013918
Cluster,853,265,565,32964,25680,0.779032,0.014105
Cluster,854,285,565,32964,25688,0.779274,0.014645
Cluster,855,305,565,32964,25694,0.779456,0.016256
Cluster,856,325,565,32964,25692,0.779396,0.016963
Cluster,857,345,565,32964,25694,0.779456,0.017499
Cluster,858,365,565,32964,25694,0.779456,0.018208
Cluster,859,385,565,32964,25696,0.779517,0.018464
Cluster,860,405,565,32964,25696,0.779517,0.019392
Cluster,861,425,565,32964,25696,0.779517,0.02013
Cluster,862,445,565,32964,25696,0.779517,0.020721
Cluster,863,465,565,32964,25696,0.779517,0.021226
Cluster,864,485,565,32964,25696,0.779517,0.021914
Cluster,865,505,565,32964,25696,0.779517,0.021623
Cluster,866,525,565,32964,25696,0.779517,0.023195
Cluster,867,545,565,32964,25696,0.779517,0.023723
Cluster,868,565,565,32964,25696,0.779517,0.024325
Cluster,869,585,565,32964,25696,0.779517,0.025116
Cluster,870,5,585,32964,12238,0.371253,0.004248
Cluster,871,25,585,32964,21602,0.655321,0.005838
Cluster,872,45,585,32964,23718,0.719512,0.007132
Cluster,873,65,585,32964,24648,0.747725,0.00809
Cluster,874,85,585,32964,25142,0.762711,0.009102
Cluster,875,105,585,32964,25386,0.770113,0.009936
Cluster,876,125,585,32964,25522,0.774239,0.010646
Cluster,877,145,585,32964,25586,0.77618,0.0112
Cluster,878,165,585,32964,25610,0.776908,0.011826
Cluster,879,185,585,32964,25648,0.778061,0.012463
Cluster,880,205,585,32964,25656,0.778304,0.013049
Cluster,881,225,585,32964,25664,0.778546,0.013654
Cluster,882,245,585,32964,25682,0.779092,0.014267
Cluster,883,265,585,32964,25688,0.779274,0.014211
Cluster,884,285,585,32964,25690,0.779335,0.014704
Cluster,885,305,585,32964,25694,0.779456,0.016351
Cluster,886,325,585,32964,25694,0.779456,0.016914
Cluster,887,345,585,32964,25694,0.779456,0.017534
Cluster,888,365,585,32964,25696,0.779517,0.018234
Cluster,889,385,585,32964,25696,0.779517,0.018829
Cluster,890,405,585,32964,25696,0.779517,0.019465
Cluster,891,425,585,32964,25696,0.779517,0.018978
Cluster,892,445,585,32964,25696,0.779517,0.02082
Cluster,893,465,585,32964,25696,0.779517,0.02144
Cluster,894,485,585,32964,25696,0.779517,0.02194
Cluster,895,505,585,32964,25696,0.779517,0.022605
Cluster,896,525,585,32964,25696,0.779517,0.023233
Cluster,897,545,585,32964,25696,0.779517,0.023388
Cluster,898,565,585,32964,25696,0.779517,0.024393
Cluster,899,585,585,32964,25696,0.779517,0.024497
